Code op type;First date;Comptes;Intitulé;Code opération;Débit;Crédit;Réf. Pièce;Period unite <y,m,d>;Period value;[opt]: exception
1;2013/01/05;627000;"Services bancaires et assimilés
Frais tenue de compte HSBC %(month_name)s_%(year_name)s";HSBC_M%(month_nb)s_%(year_name)s facture;22;;FF hsbc %(month_nb)s;m;1;
1;2013/01/05;445660;TVA déductible TVA déductible sur frais tenue de compte HSBC %(month_name)s_%(year_name)s;HSBC_M%(month_nb)s_%(year_name)s facture;4.31;;FF hsbc %(month_nb)s;m;1;
1;2013/01/05;401100;"Fournisseurs - Achats de biens et services
Frais tenue de compte HSBC %(month_name)s_%(year_name)s";HSBC_M%(month_nb)s_%(year_name)s facture;;26.31;FF hsbc %(month_nb)s;m;1;
2;2013/01/05;401100;"Fournisseurs - Achats de biens et services
Frais tenue de compte HSBC %(month_name)s_%(year_name)s";HSBC_M%(month_nb)s_%(year_name)s service paiement;22;;PRLV TBD;m;1;
2;2013/01/05;512100;"Banque
Frais tenue de compte HSBC %(month_name)s_%(year_name)s";HSBC_M%(month_nb)s_%(year_name)s service paiement;;22;PRLV TBD;m;1;
3;2013/01/05;401100;"Fournisseurs - Achats de biens et services
Frais tenue de compte HSBC %(month_name)s_%(year_name)s";HSBC_M%(month_nb)s_%(year_name)s TVA paiement;4.31;;PRLV TBD;m;1;
3;2013/01/05;512100;"Banque
Frais tenue de compte HSBC %(month_name)s_%(year_name)s";HSBC_M%(month_nb)s_%(year_name)s TVA paiement;;4.31;PRLV TBD;m;1;
4;2013/01/06;644000;"Rémunération du travail de l'exploitant
Rémunération_Gérant_M%(month_nb)s_%(year_name)s";GERANT_M%(month_nb)s_%(year_name)s;1000;;PV %(previous_year)s & taux prél sociaux;m;1;
4;2013/01/06;421000;"Exploitant - rémunération due
Rémunération_Gérant_M%(month_nb)s_%(year_name)s";GERANT_M%(month_nb)s_%(year_name)s;;1000;PV %(previous_year)s & taux prél sociaux;m;1;
5;2013/01/06;438000;"Organismes sociaux & Charges à payer et produits à recevoir
Cotisations RSI rémunération_Gérant_M%(month_nb)s_%(year_name)s";GERANT_M%(month_nb)s_%(year_name)s cotisations RSI;;60.14;site RSI;m;1;
5;2013/01/06;645800;"Cotisations aux autres organismes sociaux
Charges RSI M%(month_nb)s_%(year_name)s";GERANT_M%(month_nb)s_%(year_name)s cotisations RSI;60.14;;site RSI;m;1;
6;2013/01/06;438000;"Organismes sociaux & Charges à payer et produits à recevoir
Cotisations Ursaaf – rémunération_Gérant_M%(month_nb)s_%(year_name)s";GERANT_M%(month_nb)s_%(year_name)s cotisations URSAAF;;139.66;site Urssaf;m;1;
6;2013/01/06;645100;"Cotisations à l'URSAAF
Charges URSAAF M%(month_nb)s_%(year_name)s";GERANT_M%(month_nb)s_%(year_name)s cotisations URSAAF;139.66;;site Urssaf;m;1;
7;2013/01/06;438000;"Organismes sociaux & Charges à payer et produits à recevoir
Cotisations CIPAV – rémunération_Gérant_M%(month_nb)s_%(year_name)s";GERANT_M%(month_nb)s_%(year_name)s cotisations CIPAV;;96.19;Site CIPAV;m;1;
7;2013/01/06;645300;"Cotisations CIPAV
Charges CIPAV M%(month_nb)s_%(year_name)s";GERANT_M%(month_nb)s_%(year_name)s cotisations CIPAV;96.19;;Site CIPAV;m;1;
8;2013/01/06;421000;"Exploitant - rémunération due
Rémunération_Gérant_M%(month_nb)s_%(year_name)s";GERANT_M%(month_nb)s_%(year_name)s salaire;1000;;PV %(previous_year)s & taux prél sociaux;m;1;
8;2013/01/06;512100;"Banque
Rémunération_Gérant_M%(month_nb)s_%(year_name)s";GERANT_M%(month_nb)s_%(year_name)s salaire;;1000;virt Gérant %(month_name)s %(year_name)s;m;1;
9;2013/02/18;438000;"Organismes sociaux & Charges à payer et produits à recevoir
 Règlement acompte RSI AM %(year_name)s";RSI_AC_T1_%(year_name)s facture;718;;Appel cotisation T1 %(year_name)s;y;1;
9;2013/02/18;431000;Sécurité Sociale Règlement acompte RSI AM %(year_name)s;RSI_AC_T1_%(year_name)s facture;;718;Appel cotisation T1 %(year_name)s;y;1;
10;2013/02/18;431000;Sécurité Sociale Règlement acompte RSI AM T1 %(year_name)s;RSI_AC_T1_%(year_name)s paiement;718;;Ch TBD;y;1;
10;2013/02/18;512100;Banque Règlement acompte RSI AM T1 %(year_name)s;RSI_AC_T1_%(year_name)s paiement;;718;Ch TBD;y;1;
11;2013/02/07;438000;"Organismes sociaux & Charges à payer et produits à recevoir
Règlement 1er acompte URSAAF %(year_name)s";URSAAF_AC_1 facture;1752;;Appel cotisation 02/%(year_name)s;y;1;
11;2013/02/07;437010;"Cotisations aux autres organismes sociaux
Règlement 1er acompte URSAAF %(year_name)s";URSAAF_AC_1 facture;;1752;Appel cotisation 02/%(year_name)s;y;1;
12;2013/02/07;437010;"Cotisations aux autres organismes sociaux
Règlement 1er acompte URSAAF %(year_name)s";URSAAF_AC_1 paiement;1752;;PRLV Urssaf  de pari TBD;y;1;
12;2013/02/07;512100;Banque Règlement 1er acompte URSAAF %(year_name)s;URSAAF_AC_1 paiement;;1752;PRLV Urssaf  de pari TBD;y;1;
13;2013/03/16;448600;"Etat – Charges à payer
Cotisations à IS Règlement 1er acompte IS %(year_name)s";IS 1er acompte 2013 facture;1000;;;y;1;
13;2013/03/16;444000;Etat-Imot sur les bénéfices;IS 1er acompte 2013 facture;;1000;;y;;
14;2013/03/26;444000;Etat-Imot sur les bénéfices;IS 1er acompte 2013 paiement;1000;;;y;;
14;2013/03/26;512100;Banque Règlement 1er acompte IS %(year_name)s;IS 1er acompte 2013 paiement;;1000;;y;1;
15;2013/12/29;448600;"Etat – Charges à payer
Cotisations à IS Règlement 1er acompte IS %(year_name)s";IS acompte 2&3 2013 facture;1;;;;;
15;2013/12/29;444000;Etat-Imot sur les bénéfices;IS acompte 2&3 2013 facture;;1;;;;
16;2013/12/29;444000;Etat-Imot sur les bénéfices;IS acompte 2&3 2013 paiement;1;;;;;
16;2013/12/29;512100;Banque Règlement acompte 2 et 3 IS %(year_name)s;IS acompte 2&3 2013 paiement;;1;;;;
17;2013/06/1;622700;"Frais d'actes
T.C de Versailles – depot compte %(previous_year)s";T.C. Versailles 1 facture;14.88;;;y;1;
18;2013/06/1;445660;TVA déductible  T.C de Versailles – depot compte %(previous_year)s;T.C. Versailles facture;2.92;;;y;1;
19;2013/06/1;622700;"Frais d'actes
T.C de Versailles (debours) – depot compte %(previous_year)s";T.C. Versailles 2 facture;28.55;;;y;1;
19;2013/06/1;401100;"Fournisseurs - Achats de biens et services
T.C de Versailles – depot compte %(previous_year)s";T.C. Versailles facture;;46.35;;y;1;
20;2013/06/1;401100;"Fournisseurs - Achats de biens et services
T.C de Versailles – depot compte %(previous_year)s";T.C. Versailles paiement;46.35;;;y;1;
20;2013/06/1;512100;"Banque
T.C de Versailles – depot compte %(previous_year)s";T.C. Versailles paiement;;46.35;;y;1;
21;2013/04/24;445710;"TVA collectée
TVA collectée solde %(previous_year)s";TVA CA4 solde %(previous_year)s facture;0;;TVA CA4 T1_%(year_name)s;y;1;
21;2013/04/24;445810;Acomptes – régime simplifié d'imposition solde %(previous_year)s;TVA CA4 solde %(previous_year)s facture;;0;TVA CA4 T1_%(year_name)s;y;1;
22;2013/04/24;445710;"TVA collectée
TVA collectée 1er trimestre %(year_name)s";TVA CA4 T1_%(year_name)s facture;3245;;TVA CA4 T1_%(year_name)s;y;1;
22;2013/04/24;445810;Acomptes – régime simplifié d'imposition Acompte TVA 1er trimestre %(year_name)s;TVA CA4 T1_%(year_name)s facture;;3245;TVA CA4 T1_%(year_name)s;y;1;
23;2013/04/24;445810;Acomptes – régime simplifié d'imposition Acompte TVA 1er trimestre %(year_name)s;TVA CA4 T1_%(year_name)s paiement;3245;;Ch TBD;y;1;
23;2013/04/24;512100;"Banque
Règlement acompte TVA 1er trimestre %(year_name)s";TVA CA4 T1_%(year_name)s paiement;;3245;Ch TBD;y;1;
24;2013/04/24;445810;Acomptes – régime simplifié d'imposition solde TVA %(previous_year)s;TVA CA4 solde %(previous_year)s paiement;0;;Ch TBD;y;1;
24;2013/04/24;512100;"Banque
Règlement acompte TVA  solde %(previous_year)s";TVA CA4 solde %(previous_year)s paiement;;0;Ch TBD;y;1;
25;2013/04/26;438000;"Organismes sociaux & Charges à payer et produits à recevoir
Règlement acompte RSI AM T2 %(year_name)s";RSI_AC_T2_%(year_name)s facture;742;;Appel cotisation T2 %(year_name)s;y;1;
25;2013/04/26;431000;"Sécurité Sociale
Règlement acompte RSI AM T2 %(year_name)s";RSI_AC_T2_%(year_name)s facture;;742;Appel cotisation T2 %(year_name)s;y;1;
26;2013/04/26;431000;Sécurité Sociale Règlement acompte RSI AM T2 %(year_name)s;RSI_AC_T2_%(year_name)s paiement;718;;Ch TBD;y;1;
26;2013/04/26;512100;Banque Règlement acompte RSI AM T2 %(year_name)s;RSI_AC_T2_%(year_name)s paiement;;718;Ch TBD;y;1;
27;2013/05/05;438000;"Organismes sociaux & Charges à payer et produits à recevoir
Règlement 2eme acompte URSAAF %(year_name)s";URSAAF_AC_2 facture;1661;;Appel cotisation 06/%(year_name)s;y;1;
27;2013/05/05;437010;"Cotisations aux autres organismes sociaux
Règlement 2eme acompte URSAAF %(year_name)s";URSAAF_AC_2 facture;;1661;Appel cotisation 06/%(year_name)s;y;1;
28;2013/05/05;437010;"Cotisations aux autres organismes sociaux
Règlement 2eme acompte URSAAF %(year_name)s";URSAAF_AC_2 paiement;1661;;PRLV Urssaf  de pari TBD;y;1;
28;2013/05/05;512100;"Banque
Règlement 2ème acompte URSAAF %(year_name)s";URSAAF_AC_2 paiement;;1661;PRLV Urssaf  de pari TBD;y;1;
29;2013/04/18;438000;"Organismes sociaux & Charges à payer et produits à recevoir
 Règlement 1er acompte CIPAV %(year_name)s";CIPAV1 facture;3158;;Appel cotisation 05/%(year_name)s;y;1;
29;2013/04/18;437020;Cotisations aux autres organismes sociaux Règlement 1er acompte CIPAV %(year_name)s;CIPAV1 facture;;3158;Appel cotisation 05/%(year_name)s;y;1;
30;2013/04/18;437020;Cotisations aux autres organismes sociaux Règlement 1er acompte CIPAV %(year_name)s;CIPAV1 paiement;3158;;prlv cipav ;y;1;
30;2013/04/18;512100;Banque Règlement 1er acompte CIPAV %(year_name)s;CIPAV1 paiement;;3158;prlv cipav ;y;1;
31;2013/08/05;438000;"Organismes sociaux & Charges à payer et produits à recevoir
Règlement 3eme acompte URSAAF %(year_name)s";URSAAF_AC_3 facture;1602;;Appel cotisation 08/%(year_name)s;y;1;
31;2013/08/05;437010;"Cotisations aux autres organismes sociaux
Règlement 3eme acompte URSAAF %(year_name)s";URSAAF_AC_3 facture;;1602;Appel cotisation 08/%(year_name)s;y;1;
32;2013/08/05;437010;Cotisations aux autres organismes sociaux Règlement 3eme acompte URSAAF %(year_name)s;URSAAF_AC_3 paiement;1602;;PRLV Urssaf  de pari TBD;y;1;
32;2013/08/05;512100;Banque Règlement 3ème acompte URSAAF %(year_name)s;URSAAF_AC_3 paiement;;1602;PRLV Urssaf  de pari TBD;y;1;
33;2013/08/05;438000;"Organismes sociaux & Charges à payer et produits à recevoir 
Règlement acompte RSI AM T3 %(year_name)s";RSI_AC_T3_%(year_name)s facture;742;;Appel cotisation T3 %(year_name)s;y;1;
33;2013/08/05;431000;Sécurité Sociale Règlement acompte RSI AM T3 %(year_name)s;RSI_AC_T3_%(year_name)s facture;;742;Appel cotisation T3 %(year_name)s;y;1;
34;2013/08/05;431000;Sécurité Sociale Règlement acompte RSI AM T3 %(year_name)s;RSI_AC_T3_%(year_name)s paiement;742;;Ch TBD;y;1;
34;2013/08/05;512100;Banque Règlement acompte RSI AM T3 %(year_name)s;RSI_AC_T3_%(year_name)s paiement;;742;Ch TBD;y;1;
35;2013/11/07;438000;"Organismes sociaux & Charges à payer et produits à recevoir 
Règlement 4eme acompte URSAAF %(year_name)s";URSAAF_AC_4 facture;6251;;Appel cotisation 11/%(year_name)s;y;1;
35;2013/11/07;437010;Cotisations aux autres organismes sociaux Règlement 4eme acompte URSAAF %(year_name)s;URSAAF_AC_4 facture;;6251;Appel cotisation 11/%(year_name)s;y;1;
36;2013/11/07;437010;Cotisations aux autres organismes sociaux Règlement 4eme acompte URSAAF %(year_name)s;URSAAF_AC_4 paiement;6251;;PRLV Urssaf  de pari TBD;y;1;
36;2013/11/07;512100;Banque Règlement 4ème acompte URSAAF %(year_name)s;URSAAF_AC_4 paiement;;6251;PRLV Urssaf  de pari TBD;y;1;
37;2013/11/05;438000;"Organismes sociaux & Charges à payer et produits à recevoir
 Règlement acompte RSI AM T4 %(year_name)s";RSI_AC_T4_%(year_name)s facture;2620;;Appel cotisation T4 %(year_name)s;y;1;
37;2013/11/05;431000;Sécurité Sociale Règlement acompte RSI AM T4 %(year_name)s;RSI_AC_T4_%(year_name)s facture;;2620;Appel cotisation T4 %(year_name)s;y;1;
38;2013/11/05;431000;Sécurité Sociale Règlement acompte RSI AM T4 %(year_name)s;RSI_AC_T4_%(year_name)s paiement;2620;;Ch TBD;y;1;
38;2013/11/05;512100;Banque Règlement acompte RSI AM T4 %(year_name)s;RSI_AC_T4_%(year_name)s paiement;;2620;Ch TBD;y;1;
39;2013/10/15;438000;"Organismes sociaux & Charges à payer et produits à recevoir 
Règlement 2nd acompte CIPAV 2013";CIPAV2 facture;3750.5;;Appel cotisation 12/%(year_name)s;y;1;
39;2013/10/15;437020;Cotisations aux autres organismes sociaux Règlement 2nd acompte CIPAV 2013;CIPAV2 facture;;3750.5;Appel cotisation 12/%(year_name)s;y;1;
40;2013/10/15;437020;Cotisations aux autres organismes sociaux Règlement 2nd acompte CIPAV 2013;CIPAV2 paiement;3750.5;;prlv cipav ;y;1;
40;2013/10/15;512100;Banque Règlement 2nd acompte CIPAV 2013;CIPAV2 paiement;;3750.5;prlv cipav ;y;1;
41;2013/07/9;448600;Etat – Charges à payer;IS 2012 facture;;27;;;;
41;2013/07/9;444000;Etat-Imot sur les bénéfices;IS 2012 facture;27;;;;;
42;2013/07/9;444000;Etat-Imot sur les bénéfices;IS_2012 paiement;;27;;;;
42;2013/07/9;512100;Banque Paiement de l'IS 2012;IS_2012 paiement;27;;;;;
43;2013/12/15;448600;Etat – Charges à payer;TP_2012;859;;;;;
43;2013/12/15;512100;Banque Taxe professionnelle 2012;TP_2012;;859;;;;
44;2013/12/31;635110;"Autres impôts – Taxe professionelle
Estimation";TaxeP_2013;860;;Ecriture d'inventaire;;;
44;2013/12/31;448600;Etat – Charges à payer;TaxeP_2013;;860;Ecriture d'inventaire;;;
45;2013/07/13;445710;"TVA collectée
TVA collectée T3 2013";TVA CA4 T2_2013 – facture;2764.78;;;;;
45;2013/07/13;445810;Acomptes – régime simplifié d'imposition Acompte TVA T2 2013;TVA CA4 T2_2013 – facture;;2764.78;;;;
46;2013/07/13;445810;Acomptes – régime simplifié d'imposition Acompte TVA 2ème trimestre 2013;TVA CA4 T2_2013 – paiement;2764.78;;;;;
46;2013/07/13;512100;Banque Règlement acompte TVA 2ème trimestre 2013;TVA CA4 T2_2013 – paiement;;2764.78;;;;
47;2013/10/20;445710;"TVA collectée
TVA collectée T3 2013";TVA CA4 T3_2013 – facture;0;;;;;
47;2013/10/20;445810;"Acomptes – régime simplifié d'imposition
 Acompte TVA T3 2013";TVA CA4 T3_2013 – facture;;0;;;;
48;2013/10/20;445810;"Acomptes – régime simplifié d'imposition
 Acompte TVA T3 2013";TVA CA4 T3_2013 – paiement;0;;;;;
48;2013/10/20;512100;"Banque
 Règlement acompte TVA T3 2013";TVA CA4 T3_2013 – paiement;;0;;;;
49;2013/12/20;445710;"TVA collectée
TVA collectée T4 2013";TVA CA4 T4_2013 – facture;0;;;;;
49;2013/12/20;445810;"Acomptes – régime simplifié d'imposition
  Acompte TVA T4 2013";TVA CA4 T4_2013 – facture;;0;;;;
50;2013/12/20;445810;"Acomptes – régime simplifié d'imposition
  Acompte TVA T4 2013";TVA CA4 T4_2013 – paiement;0;;;;;
50;2013/12/20;512100;"Banque
 Règlement acompte TVA T4 2013";TVA CA4 T4_2013 – paiement;;0;;;;
51;2013/01/06;644000;"Rémunération du travail de l'exploitant
Rémunération_Gérant_M1_2013";GERANT_M1_2013;1000;;PV 2012 & taux prél sociaux;;;
51;2013/01/06;421000;"Exploitant - rémunération due
Rémunération_Gérant_M1_2013";GERANT_M1_2013;;1000;PV 2012 & taux prél sociaux;;;
52;2013/01/06;438000;"Organismes sociaux & Charges à payer et produits à recevoir
Cotisations RSI rémunération_Gérant_M6_2013";GERANT_M1_2013 cotisations RSI;;60.14;site RSI;;;
52;2013/01/06;645800;"Cotisations aux autres organismes sociaux
Charges RSI M1_2013";GERANT_M1_2013 cotisations RSI;60.14;;site RSI;;;
53;2013/01/06;438000;"Organismes sociaux & Charges à payer et produits à recevoir
Cotisations Ursaaf – rémunération_Gérant_M1_2013";GERANT_M1_2013 cotisations URSAAF;;139.66;site Urssaf;;;
53;2013/01/06;645100;"Cotisations à l'URSAAF
Charges URSAAF M1_2013";GERANT_M1_2013 cotisations URSAAF;139.66;;site Urssaf;;;
54;2013/01/06;438000;"Organismes sociaux & Charges à payer et produits à recevoir
Cotisations CIPAV – rémunération_Gérant_M1_2013";GERANT_M1_2013 cotisations CIPAV;;96.19;Site CIPAV;;;
54;2013/01/06;645300;"Cotisations CIPAV
Charges CIPAV M1_2013";GERANT_M1_2013 cotisations CIPAV;96.19;;Site CIPAV;;;
55;2013/01/06;421000;"Exploitant - rémunération due
Rémunération_Gérant_M1_2013";GERANT_M1_2013 salaire;1000;;PV 2012 & taux prél sociaux;;;
55;2013/01/06;512100;"Banque
Rémunération_Gérant_M1_2013";GERANT_M1_2013 salaire;;1000;virt Gérant juin 2013;;;
56;2013/07/06;644000;"Rémunération du travail de l'exploitant
Rémunération_Gérant_M7_2013";GERANT_M7_2013;1000;;PV 2012 & taux prél sociaux;;;
56;2013/07/06;421000;"Exploitant - rémunération due
Rémunération_Gérant_M7_2013";GERANT_M7_2013;;1000;PV 2012 & taux prél sociaux;;;
57;2013/07/06;438000;"Organismes sociaux & Charges à payer et produits à recevoir
Cotisations RSI rémunération_Gérant_M7_2013";GERANT_M7_2013 cotisations RSI;;60.14;site RSI;;;
57;2013/07/06;645800;"Cotisations aux autres organismes sociaux
Charges RSI M7_2013";GERANT_M7_2013 cotisations RSI;60.14;;site RSI;;;
58;2013/07/06;438000;"Organismes sociaux & Charges à payer et produits à recevoir
Cotisations Ursaaf – rémunération_Gérant_M7_2013";GERANT_M7_2013 cotisations URSAAF;;139.66;site Urssaf;;;
58;2013/07/06;645100;"Cotisations à l'URSAAF
Charges URSAAF M7_2013";GERANT_M7_2013 cotisations URSAAF;139.66;;site Urssaf;;;
59;2013/07/06;438000;"Organismes sociaux & Charges à payer et produits à recevoir
Cotisations CIPAV – rémunération_Gérant_M7_2013";GERANT_M7_2013 cotisations CIPAV;;96.19;Site CIPAV;;;
59;2013/07/06;645300;"Cotisations CIPAV
Charges CIPAV M7_2013";GERANT_M7_2013 cotisations CIPAV;96.19;;Site CIPAV;;;
60;2013/07/06;421000;"Exploitant - rémunération due
Rémunération_Gérant_M7_2013";GERANT_M7_2013 salaire;1000;;PV 2012 & taux prél sociaux;;;
60;2013/07/06;512100;"Banque
Rémunération_Gérant_M7_2013";GERANT_M7_2013 salaire;;1000;virt Gérant juillet 2013;;;
61;2013/08/06;644000;"Rémunération du travail de l'exploitant
Rémunération_Gérant_M8_2013";GERANT_M8_2013;1000;;PV 2012 & taux prél sociaux;;;
61;2013/08/06;421000;"Exploitant - rémunération due
Rémunération_Gérant_M8_2013";GERANT_M8_2013;;1000;PV 2012 & taux prél sociaux;;;
62;2013/08/06;438000;"Organismes sociaux & Charges à payer et produits à recevoir
Cotisations RSI rémunération_Gérant_M8_2013";GERANT_M8_2013 cotisations RSI;;60.14;site RSI;;;
62;2013/08/06;645800;"Cotisations aux autres organismes sociaux
Charges RSI M8_2013";GERANT_M8_2013 cotisations RSI;60.14;;site RSI;;;
63;2013/08/06;438000;"Organismes sociaux & Charges à payer et produits à recevoir
Cotisations Ursaaf – rémunération_Gérant_M8_2013";GERANT_M8_2013 cotisations URSAAF;;139.66;site Urssaf;;;
63;2013/08/06;645100;"Cotisations à l'URSAAF
Charges URSAAF M8_2013";GERANT_M8_2013 cotisations URSAAF;139.66;;site Urssaf;;;
64;2013/08/06;438000;"Organismes sociaux & Charges à payer et produits à recevoir
Cotisations CIPAV – rémunération_Gérant_M8_2013";GERANT_M8_2013 cotisations CIPAV;;96.19;Site CIPAV;;;
64;2013/08/06;645300;"Cotisations CIPAV
Charges CIPAV M8_2013";GERANT_M8_2013 cotisations CIPAV;96.19;;Site CIPAV;;;
65;2013/08/06;421000;"Exploitant - rémunération due
Rémunération_Gérant_M8_2013";GERANT_M8_2013 salaire;1000;;PV 2012 & taux prél sociaux;;;
65;2013/08/06;512100;"Banque
Rémunération_Gérant_M8_2013";GERANT_M8_2013 salaire;;1000;virt Gérant aout 2013;;;
66;2013/09/06;644000;"Rémunération du travail de l'exploitant
Rémunération_Gérant_M9_2013";GERANT_M9_2013;1000;;PV 2012 & taux prél sociaux;;;
66;2013/09/06;421000;"Exploitant - rémunération due
Rémunération_Gérant_M9_2013";GERANT_M9_2013;;1000;PV 2012 & taux prél sociaux;;;
67;2013/09/06;438000;"Organismes sociaux & Charges à payer et produits à recevoir
Cotisations RSI rémunération_Gérant_M9_2013";GERANT_M9_2013 cotisations RSI;;60.14;site RSI;;;
67;2013/09/06;645800;"Cotisations aux autres organismes sociaux
Charges RSI M9_2013";GERANT_M9_2013 cotisations RSI;60.14;;site RSI;;;
68;2013/09/06;438000;"Organismes sociaux & Charges à payer et produits à recevoir
Cotisations Ursaaf – rémunération_Gérant_M9_2013";GERANT_M9_2013 cotisations URSAAF;;139.66;site Urssaf;;;
68;2013/09/06;645100;"Cotisations à l'URSAAF
Charges URSAAF M9_2013";GERANT_M9_2013 cotisations URSAAF;139.66;;site Urssaf;;;
69;2013/09/06;438000;"Organismes sociaux & Charges à payer et produits à recevoir
Cotisations CIPAV – rémunération_Gérant_M9_2013";GERANT_M9_2013 cotisations CIPAV;;96.19;Site CIPAV;;;
69;2013/09/06;645300;"Cotisations CIPAV
Charges CIPAV M9_2013";GERANT_M9_2013 cotisations CIPAV;96.19;;Site CIPAV;;;
70;2013/09/06;421000;"Exploitant - rémunération due
Rémunération_Gérant_M9_2013";GERANT_M9_2013 salaire;1000;;PV 2012 & taux prél sociaux;;;
70;2013/09/06;512100;"Banque
Rémunération_Gérant_M9_2013";GERANT_M9_2013 salaire;;1000;virt Gérant septembre 2013;;;
71;2013/10/06;644000;"Rémunération du travail de l'exploitant
Rémunération_Gérant_M10_2013";GERANT_M10_2013;1000;;PV 2012 & taux prél sociaux;;;
71;2013/10/06;421000;"Exploitant - rémunération due
Rémunération_Gérant_M10_2013";GERANT_M10_2013;;1000;PV 2012 & taux prél sociaux;;;
72;2013/10/06;438000;"Organismes sociaux & Charges à payer et produits à recevoir
Cotisations RSI rémunération_Gérant_M10_2013";GERANT_M10_2013 cotisations RSI;;60.14;site RSI;;;
72;2013/10/06;645800;"Cotisations aux autres organismes sociaux
Charges RSI M10_2013";GERANT_M10_2013 cotisations RSI;60.14;;site RSI;;;
73;2013/10/06;438000;"Organismes sociaux & Charges à payer et produits à recevoir
Cotisations Ursaaf – rémunération_Gérant_M10_2013";GERANT_M10_2013 cotisations URSAAF;;139.66;site Urssaf;;;
73;2013/10/06;645100;"Cotisations à l'URSAAF
Charges URSAAF M10_2013";GERANT_M10_2013 cotisations URSAAF;139.66;;site Urssaf;;;
74;2013/10/06;438000;"Organismes sociaux & Charges à payer et produits à recevoir
Cotisations CIPAV – rémunération_Gérant_M10_2013";GERANT_M10_2013 cotisations CIPAV;;96.19;Site CIPAV;;;
74;2013/10/06;645300;"Cotisations CIPAV
Charges CIPAV M10_2013";GERANT_M10_2013 cotisations CIPAV;96.19;;Site CIPAV;;;
75;2013/10/06;421000;"Exploitant - rémunération due
Rémunération_Gérant_M10_2013";GERANT_M10_2013 salaire;1000;;PV 2012 & taux prél sociaux;;;
75;2013/10/06;512100;"Banque
Rémunération_Gérant_M10_2013";GERANT_M10_2013 salaire;;1000;virt Gérant octobre 2013;;;
76;2013/11/06;644000;"Rémunération du travail de l'exploitant
Rémunération_Gérant_M11_2013";GERANT_M11_2013;1000;;PV 2012 & taux prél sociaux;;;
76;2013/11/06;421000;"Exploitant - rémunération due
Rémunération_Gérant_M11_2013";GERANT_M11_2013;;1000;PV 2012 & taux prél sociaux;;;
77;2013/11/06;438000;"Organismes sociaux & Charges à payer et produits à recevoir
Cotisations RSI rémunération_Gérant_M11_2013";GERANT_M11_2013 cotisations RSI;;60.14;site RSI;;;
77;2013/11/06;645800;"Cotisations aux autres organismes sociaux
Charges RSI M11_2013";GERANT_M11_2013 cotisations RSI;60.14;;site RSI;;;
78;2013/11/06;438000;"Organismes sociaux & Charges à payer et produits à recevoir
Cotisations Ursaaf – rémunération_Gérant_M11_2013";GERANT_M11_2013 cotisations URSAAF;;139.66;site Urssaf;;;
78;2013/11/06;645100;"Cotisations à l'URSAAF
Charges URSAAF M11_2013";GERANT_M11_2013 cotisations URSAAF;139.66;;site Urssaf;;;
79;2013/11/06;438000;"Organismes sociaux & Charges à payer et produits à recevoir
Cotisations CIPAV – rémunération_Gérant_M11_2013";GERANT_M11_2013 cotisations CIPAV;;96.19;Site CIPAV;;;
79;2013/11/06;645300;"Cotisations CIPAV
Charges CIPAV M11_2013";GERANT_M11_2013 cotisations CIPAV;96.19;;Site CIPAV;;;
80;2013/11/06;421000;"Exploitant - rémunération due
Rémunération_Gérant_M11_2013";GERANT_M11_2013 salaire;1000;;PV 2012 & taux prél sociaux;;;
80;2013/11/06;512100;"Banque
Rémunération_Gérant_M11_2013";GERANT_M11_2013 salaire;;1000;virt Gérant novembre 2013;;;
81;2013/12/06;644000;"Rémunération du travail de l'exploitant
Rémunération_Gérant_M12_2013";GERANT_M12_2013;1000;;PV 2012 & taux prél sociaux;;;
81;2013/12/06;421000;"Exploitant - rémunération due
Rémunération_Gérant_M12_2013";GERANT_M12_2013;;1000;PV 2012 & taux prél sociaux;;;
82;2013/12/06;438000;"Organismes sociaux & Charges à payer et produits à recevoir
Cotisations RSI rémunération_Gérant_M12_2013";GERANT_M12_2013 cotisations RSI;;60.14;site RSI;;;
82;2013/12/06;645800;"Cotisations aux autres organismes sociaux
Charges RSI M12_2013";GERANT_M12_2013 cotisations RSI;60.14;;site RSI;;;
83;2013/12/06;438000;"Organismes sociaux & Charges à payer et produits à recevoir
Cotisations Ursaaf – rémunération_Gérant_M12_2013";GERANT_M12_2013 cotisations URSAAF;;139.66;site Urssaf;;;
83;2013/12/06;645100;"Cotisations à l'URSAAF
Charges URSAAF M12_2013";GERANT_M12_2013 cotisations URSAAF;139.66;;site Urssaf;;;
84;2013/12/06;438000;"Organismes sociaux & Charges à payer et produits à recevoir
Cotisations CIPAV – rémunération_Gérant_M12_2013";GERANT_M12_2013 cotisations CIPAV;;96.19;Site CIPAV;;;
84;2013/12/06;645300;"Cotisations CIPAV
Charges CIPAV M12_2013";GERANT_M12_2013 cotisations CIPAV;96.19;;Site CIPAV;;;
85;2013/12/06;421000;"Exploitant - rémunération due
Rémunération_Gérant_M12_2013";GERANT_M12_2013 salaire;1000;;PV 2012 & taux prél sociaux;;;
85;2013/12/06;512100;"Banque
Rémunération_Gérant_M12_2013";GERANT_M12_2013 salaire;;1000;virt Gérant décembre 2013;;;
86;2013/01/01;101000;Capital;OUVERTURE 2013;;2000;BILAN 2012;;;
86;2013/01/01;106100;    Réserve légale;OUVERTURE 2013;;1200;BILAN 2012;;;
86;2013/01/01;110000;Report à nouveau (solde créditeur);OUVERTURE 2013;;9665.04;BILAN 2012;;;
86;2013/01/01;120000;Résultat de l'exercice (déficit);OUVERTURE 2013;18173.03;;BILAN 2012;;;
86;2013/01/01;421000;Personnel & Rémunérations dues;OUVERTURE 2013;567.88;;BILAN 2012;;;
86;2013/01/01;438000;    Organismes sociaux & Charges à payer et produits à recevoir;OUVERTURE 2013;;9090.16;BILAN 2012;;;
86;2013/01/01;445710;Taxes sur le chiffre d'affaires collectées par l'entreprise;OUVERTURE 2013;1692.47;;BILAN 2012;;;
86;2013/01/01;448600;    Charges à payer;OUVERTURE 2013;;380.24;BILAN 2012;;;
86;2013/01/01;457000;Associés & Dividendes à payer;OUVERTURE 2013;;15000;BILAN 2012;;;
86;2013/01/01;512100;    Comptes en monnaie nationale;OUVERTURE 2013;16887.06;;BILAN 2012;;;
86;2013/01/01;512101;    Comptes en monnaie nationale;OUVERTURE 2013;15;;BILAN 2012;;;
87;2013/03/07;120000;Résultat de l'exercice (déficit);AFFECTATION DEFICIT IN;;18173.03;PV approbation des comptes 2012;y;1;
87;2013/03/07;110000;Report à nouveau %(year_name)s;AFFECTATION DEFICIT IN;18173.03;;PV approbation des comptes 2012;y;1;
88;2013/07/07;457000;"Associés & Dividendes à payer
Paiement dividende 2011";Paiement dividende 2011;15000;;PV 2011;;;
88;2013/07/07;512100;"Banque
Paiement dividende 2011";Paiement dividende 2011;;15000;PV 2011;;;
89;2013/01/21;625000;"Voyages et déplacements
Carte intégrale navigo S1 - RATP";RATP_M1S1_2013 facture;34.4;;;;;
89;2013/01/21;401100;"Fournisseurs - Achats de biens et services
Carte intégrale navigo S1 – RATP";RATP_M1S1_2013 facture;;34.4;;;;
90;2013/01/21;401100;"Fournisseurs - Achats de biens et service
S Carte intégrale S1 2013 - RATP";RATP_M1S1_2013 paiment;34.4;;;;;
90;2013/01/21;512100;"Banque
 Carte intégrale S1 2013 - RATP";RATP_M1S1_2013 paiment;;34.4;;;;
91;2013/01/28;625000;"Voyages et déplacements
Carte intégrale navigo S2 - RATP";RATP_M1S2_2013 facture;34.4;;;;;
91;2013/01/28;401100;"Fournisseurs - Achats de biens et services
Carte intégrale navigo S2 – RATP";RATP_M1S2_2013 facture;;34.4;;;;
92;2013/01/28;401100;"Fournisseurs - Achats de biens et service
Carte intégrale S2 2013 - RATP";RATP_M1S2_2013 paiment;34.4;;;;;
92;2013/01/28;512100;"Banque
 Carte intégrale S2 2013 - RATP";RATP_M1S2_2013 paiment;;34.4;;;;
93;2013/01/28;625000;"Voyage et déplacement
Essence";Essence M1.1_2013 facture;46.27;;;;;
93;2013/01/28;401100;"Fournisseurs - Achats de biens et services
Essence";Essence M1.1_2013 facture;;46.27;;;;
94;2013/01/28;401100;"Fournisseurs - Achats de biens et service
Essence";Essence M1.1_2013 paiement;46.27;;;;;
94;2013/01/28;512100;"Banque
 Essence";Essence M1.1_2013 paiement;;46.27;;;;
95;2013/01/31;625000;"Voyage et déplacement
Péage";Péage M1_2013 facture;5.5;;;;;
95;2013/01/31;401100;"Fournisseurs - Achats de biens et services
Péage";Péage M1_2013 facture;;5.5;;;;
96;2013/01/31;401100;"Fournisseurs - Achats de biens et service
Péage";Péage M1_2013 paiement;5.5;;;;;
96;2013/01/31;512100;"Banque
 Péage";Péage M1_2013 paiement;;5.5;;;;
97;2013/01/31;706000;"Prestations de service
Facture EADS n°1 – prestations de janvier_2013";EADS_M1;;3960;FC EADS 1
97;2013/01/31;445710;"TVA collectée
Facture EADS n°1 – prestations de janvier_2013";EADS_M1;;776.160;FC EADS 1
97;2013/01/31;411000;Clientes – ventes de prestations de service Facture EADS n°1 – prestations de janvier_2013;EADS_M1;4736.16;;FC EADS 1
98;2013/03/10;411000;"Clients- ventes de prestations de service
Règlement EADS Facture n°1 - prestations de janvier_2013";EADS_M1_2013 paiement;;4736.160;VIR EADS
98;2013/03/10;512100;"Banque
Règlement EADS Facture n°1 - prestations de janvier_2013";EADS_M1_2013 paiement;4736.160;;VIR EADS
99;2013/02/28;706000;"Prestations de service
Facture EADS n°2 – prestations de février_2013";EADS_M2;;8940;FC EADS 2
99;2013/02/28;445710;"TVA collectée
Facture EADS n°2 – prestations de février_2013";EADS_M2;;1752.240;FC EADS 2
99;2013/02/28;411000;Clientes – ventes de prestations de service Facture EADS n°2 – prestations de février_2013;EADS_M2;10692.24;;FC EADS 2
100;2013/04/10;411000;"Clients- ventes de prestations de service
Règlement EADS Facture n°2 - prestations de février_2013";EADS_M2_2013 paiement;;10692.240;VIR EADS
100;2013/04/10;512100;"Banque
Règlement EADS Facture n°2 - prestations de février_2013";EADS_M2_2013 paiement;10692.240;;VIR EADS
101;2013/03/31;706000;"Prestations de service
Facture EADS n°3 – prestations de mars_2013";EADS_M3;;9450;FC EADS 3
101;2013/03/31;445710;"TVA collectée
Facture EADS n°3 – prestations de mars_2013";EADS_M3;;1852.200;FC EADS 3
101;2013/03/31;411000;Clientes – ventes de prestations de service Facture EADS n°3 – prestations de mars_2013;EADS_M3;11302.20;;FC EADS 3
102;2013/05/10;411000;"Clients- ventes de prestations de service
Règlement EADS Facture n°3 - prestations de mars_2013";EADS_M3_2013 paiement;;11302.200;VIR EADS
102;2013/05/10;512100;"Banque
Règlement EADS Facture n°3 - prestations de mars_2013";EADS_M3_2013 paiement;11302.200;;VIR EADS
103;2013/04/30;706000;"Prestations de service
Facture EADS n°4 – prestations de avril_2013";EADS_M4;;7650;FC EADS 4
103;2013/04/30;445710;"TVA collectée
Facture EADS n°4 – prestations de avril_2013";EADS_M4;;1499.400;FC EADS 4
103;2013/04/30;411000;Clientes – ventes de prestations de service Facture EADS n°4 – prestations de avril_2013;EADS_M4;9149.40;;FC EADS 4
104;2013/06/10;411000;"Clients- ventes de prestations de service
Règlement EADS Facture n°4 - prestations de avril_2013";EADS_M4_2013 paiement;;9149.400;VIR EADS
104;2013/06/10;512100;"Banque
Règlement EADS Facture n°4 - prestations de avril_2013";EADS_M4_2013 paiement;9149.400;;VIR EADS
105;2013/05/31;706000;"Prestations de service
Facture EADS n°5 – prestations de mai_2013";EADS_M5;;8550;FC EADS 5
105;2013/05/31;445710;"TVA collectée
Facture EADS n°5 – prestations de mai_2013";EADS_M5;;1675.800;FC EADS 5
105;2013/05/31;411000;Clientes – ventes de prestations de service Facture EADS n°5 – prestations de mai_2013;EADS_M5;10225.80;;FC EADS 5
106;2013/07/10;411000;"Clients- ventes de prestations de service
Règlement EADS Facture n°5 - prestations de mai_2013";EADS_M5_2013 paiement;;10225.800;VIR EADS
106;2013/07/10;512100;"Banque
Règlement EADS Facture n°5 - prestations de mai_2013";EADS_M5_2013 paiement;10225.800;;VIR EADS
107;2013/06/30;706000;"Prestations de service
Facture EADS n°6 – prestations de juin_2013";EADS_M6;;9000;FC EADS 6
107;2013/06/30;445710;"TVA collectée
Facture EADS n°6 – prestations de juin_2013";EADS_M6;;1764.000;FC EADS 6
107;2013/06/30;411000;Clientes – ventes de prestations de service Facture EADS n°6 – prestations de juin_2013;EADS_M6;10764.00;;FC EADS 6
108;2013/08/10;411000;"Clients- ventes de prestations de service
Règlement EADS Facture n°6 - prestations de juin_2013";EADS_M6_2013 paiement;;10764.000;VIR EADS
108;2013/08/10;512100;"Banque
Règlement EADS Facture n°6 - prestations de juin_2013";EADS_M6_2013 paiement;10764.000;;VIR EADS
