Code op type;First date;Comptes;Intitulé;Code opération;Débit;Crédit;Réf. Pièce;Period unite <y,m,d>;Period value;[opt]: exception
;2012/01/01;616400;"Primes d'assurance - risques d'exploitation
Assurance risque d'exploitation AXA";AXA_%(year_name)s;802.49;;Bilan %(previous_year)s;y;1;
;2012/01/01;486000;"Charges constatées d'avance
Assurance risque d'exploitation %(year_name)s";AXA_%(year_name)s;;802.49;Bilan %(previous_year)s;y;1;
;2012/01/05;627000;"Services bancaires et assimilés
Frais tenue de compte HSBC %(month_name)s_%(year_name)s";HSBC_M%(month_nb)s_%(year_name)s facture;20;;FF hsbc %(month_nb)s;m;1;
;2012/01/05;445660;TVA déductible TVA déductible sur frais tenue de compte HSBC %(month_name)s_%(year_name)s;HSBC_M%(month_nb)s_%(year_name)s facture;3.92;;FF hsbc %(month_nb)s;m;1;
;2012/01/05;401100;"Fournisseurs - Achats de biens et services
Frais tenue de compte HSBC %(month_name)s_%(year_name)s";HSBC_M%(month_nb)s_%(year_name)s facture;;23.92;FF hsbc %(month_nb)s;m;1;
;2012/01/05;401100;"Fournisseurs - Achats de biens et services
Frais tenue de compte HSBC %(month_name)s_%(year_name)s";HSBC_M%(month_nb)s_%(year_name)s paiement;23.92;;PRLV TBD;m;1;
;2012/01/05;512100;"Banque
Frais tenue de compte HSBC %(month_name)s_%(year_name)s";HSBC_M%(month_nb)s_%(year_name)s paiement;;23.92;PRLV TBD;m;1;
;2012/01/06;644000;"Rémunération du travail de l'exploitant
Rémunération_Gérant_M%(month_nb)s_%(year_name)s";GERANT_M%(month_nb)s_%(year_name)s;3200;;PV %(previous_year)s & taux prél sociaux;m;1;
;2012/01/06;421000;"Exploitant - rémunération due
Rémunération_Gérant_M%(month_nb)s_%(year_name)s";GERANT_M%(month_nb)s_%(year_name)s;;3200;PV %(previous_year)s & taux prél sociaux;m;1;
;2012/01/06;438000;"Organismes sociaux & Charges à payer et produits à recevoir
Cotisations RSI rémunération_Gérant_M%(month_nb)s_%(year_name)s";GERANT_M%(month_nb)s_%(year_name)s cotisations RSI;;192.45;site RSI;m;1;
;2012/01/06;645800;"Cotisations aux autres organismes sociaux
Charges RSI M%(month_nb)s_%(year_name)s";GERANT_M%(month_nb)s_%(year_name)s cotisations RSI;192.45;;site RSI;m;1;
;2012/01/06;438000;"Organismes sociaux & Charges à payer et produits à recevoir
Cotisations Ursaaf – rémunération_Gérant_M%(month_nb)s_%(year_name)s";GERANT_M%(month_nb)s_%(year_name)s cotisations URSAAF;;446.92;site Urssaf;m;1;
;2012/01/06;645100;"Cotisations à l'URSAAF
Charges URSAAF M%(month_nb)s_%(year_name)s";GERANT_M%(month_nb)s_%(year_name)s cotisations URSAAF;446.92;;site Urssaf;m;1;
;2012/01/06;438000;"Organismes sociaux & Charges à payer et produits à recevoir
Cotisations CIPAV – rémunération_Gérant_M%(month_nb)s_%(year_name)s";GERANT_M%(month_nb)s_%(year_name)s cotisations CIPAV;;307.82;Site CIPAV;m;1;
;2012/01/06;645300;"Cotisations CIPAV
Charges CIPAV M%(month_nb)s_%(year_name)s";GERANT_M%(month_nb)s_%(year_name)s cotisations CIPAV;307.82;;Site CIPAV;m;1;
;2012/01/06;421000;"Exploitant - rémunération due
Rémunération_Gérant_M%(month_nb)s_%(year_name)s";GERANT_M%(month_nb)s_%(year_name)s salaire;3200;;PV %(previous_year)s & taux prél sociaux;m;1;
;2012/01/06;512100;"Banque
Rémunération_Gérant_M%(month_nb)s_%(year_name)s";GERANT_M%(month_nb)s_%(year_name)s salaire;;3200;virt Gérant %(month_name)s %(year_name)s;m;1;
;2012/01/18;438000;"Organismes sociaux & Charges à payer et produits à recevoir
 Règlement acompte RSI AM %(year_name)s";RSI_AC_T1_%(year_name)s facture;742;;Appel cotisation T1 %(year_name)s;y;1;
;2012/01/18;431000;Sécurité Sociale Règlement acompte RSI AM %(year_name)s;RSI_AC_T1_%(year_name)s facture;;742;Appel cotisation T1 %(year_name)s;y;1;
;2012/01/18;431000;Sécurité Sociale Règlement acompte RSI AM T1 %(year_name)s;RSI_AC_T1_%(year_name)s paiement;742;;Ch TBD;y;1;
;2012/01/18;512100;Banque Règlement acompte RSI AM T1 %(year_name)s;RSI_AC_T1_%(year_name)s paiement;;742;Ch TBD;y;1;
;2012/02/07;438000;"Organismes sociaux & Charges à payer et produits à recevoir
Règlement 1er acompte URSAAF %(year_name)s";URSAAF_AC_1 facture;1655;;Appel cotisation 02/%(year_name)s;y;1;
;2012/02/07;437010;"Cotisations aux autres organismes sociaux
Règlement 1er acompte URSAAF %(year_name)s";URSAAF_AC_1 facture;;1655;Appel cotisation 02/%(year_name)s;y;1;
;2012/02/07;437010;"Cotisations aux autres organismes sociaux
Règlement 1er acompte URSAAF %(year_name)s";URSAAF_AC_1 paiement;1655;;PRLV Urssaf  de pari TBD;y;1;
;2012/02/07;512100;Banque Règlement 1er acompte URSAAF %(year_name)s;URSAAF_AC_1 paiement;;1655;PRLV Urssaf  de pari TBD;y;1;
;2012/03/07;120000;Résultat de l'exercice (bénéfice);AFFECTATION DIV IN;19463.21;;PV approbation des comptes %(previous_year)s;y;1;
;2012/03/07;457000;Associés-dividendes à payer;AFFECTATION DIV IN;;15000;PV approbation des comptes %(previous_year)s;y;1;
;2012/03/07;110000;Report à nouveau %(year_name)s;AFFECTATION DIV IN;;4463.21;PV approbation des comptes %(previous_year)s;y;1;
;2012/03/16;448600;"Etat – Charges à payer
Cotisations à IS Règlement 1er acompte IS %(year_name)s";IS 1er acompte 2012 facture;997;;;y;1;
;2012/03/16;444000;Etat-Imot sur les bénéfices;IS 1er acompte 2012 facture;;997;;y;;
;2012/03/16;444000;Etat-Imot sur les bénéfices;IS 1er acompte 2012 paiement;997;;;y;;
;2012/03/16;512100;Banque Règlement 1er acompte IS %(year_name)s;IS 1er acompte 2012 paiement;;997;;y;1;
;2012/12/29;448600;"Etat – Charges à payer
Cotisations à IS Règlement 1er acompte IS %(year_name)s";IS acompte 2&3 2012 facture;1;;;;;
;2012/12/29;444000;Etat-Imot sur les bénéfices;IS acompte 2&3 2012 facture;;1;;;;
;2012/12/29;444000;Etat-Imot sur les bénéfices;IS acompte 2&3 2012 paiement;1;;;;;
;2012/12/29;512100;Banque Règlement acompte 2 et 3 IS %(year_name)s;IS acompte 2&3 2012 paiement;;1;;;;
;2012/03/24;622700;"Frais d'actes
T.C de Versailles – depot compte %(previous_year)s";T.C. Versailles 1 facture;14.88;;;y;1;
;2012/03/24;445660;TVA déductible  T.C de Versailles – depot compte %(previous_year)s;T.C. Versailles facture;2.92;;;y;1;
;2012/03/24;622700;"Frais d'actes
T.C de Versailles (debours) – depot compte %(previous_year)s";T.C. Versailles 2 facture;28.55;;;y;1;
;2012/03/24;401100;"Fournisseurs - Achats de biens et services
T.C de Versailles – depot compte %(previous_year)s";T.C. Versailles facture;;46.35;;y;1;
;2012/03/24;401100;"Fournisseurs - Achats de biens et services
T.C de Versailles – depot compte %(previous_year)s";T.C. Versailles paiement;46.35;;;y;1;
;2012/03/24;512100;"Banque
T.C de Versailles – depot compte %(previous_year)s";T.C. Versailles paiement;;46.35;;y;1;
;2012/04/24;445710;"TVA collectée
TVA collectée solde %(previous_year)s";TVA CA4 solde %(previous_year)s facture;3196.66;;TVA CA4 T1_%(year_name)s;y;1;
;2012/04/24;445810;Acomptes – régime simplifié d'imposition solde %(previous_year)s;TVA CA4 solde %(previous_year)s facture;;3196.66;TVA CA4 T1_%(year_name)s;y;1;
;2012/04/24;445710;"TVA collectée
TVA collectée 1er trimestre %(year_name)s";TVA CA4 T1_%(year_name)s facture;1711.68;;TVA CA4 T1_%(year_name)s;y;1;
;2012/04/24;445810;Acomptes – régime simplifié d'imposition Acompte TVA 1er trimestre %(year_name)s;TVA CA4 T1_%(year_name)s facture;;1711.68;TVA CA4 T1_%(year_name)s;y;1;
;2012/04/24;445810;Acomptes – régime simplifié d'imposition Acompte TVA 1er trimestre %(year_name)s;TVA CA4 T1_%(year_name)s paiement;1711.68;;Ch TBD;y;1;
;2012/04/24;512100;"Banque
Règlement acompte TVA 1er trimestre %(year_name)s";TVA CA4 T1_%(year_name)s paiement;;1711.68;Ch TBD;y;1;
;2012/04/24;445810;Acomptes – régime simplifié d'imposition solde TVA %(previous_year)s;TVA CA4 solde %(previous_year)s paiement;3196.66;;Ch TBD;y;1;
;2012/04/24;512100;"Banque
Règlement acompte TVA  solde %(previous_year)s";TVA CA4 solde %(previous_year)s paiement;;3196.66;Ch TBD;y;1;
;2012/04/26;438000;"Organismes sociaux & Charges à payer et produits à recevoir
Règlement acompte RSI AM T2 %(year_name)s";RSI_AC_T2_%(year_name)s facture;742;;Appel cotisation T2 %(year_name)s;y;1;
;2012/04/26;431000;"Sécurité Sociale
Règlement acompte RSI AM T2 %(year_name)s";RSI_AC_T2_%(year_name)s facture;;742;Appel cotisation T2 %(year_name)s;y;1;
;2012/04/26;431000;Sécurité Sociale Règlement acompte RSI AM T2 %(year_name)s;RSI_AC_T2_%(year_name)s paiement;742;;Ch TBD;y;1;
;2012/04/26;512100;Banque Règlement acompte RSI AM T2 %(year_name)s;RSI_AC_T2_%(year_name)s paiement;;742;Ch TBD;y;1;
;2012/05/05;438000;"Organismes sociaux & Charges à payer et produits à recevoir
Règlement 2eme acompte URSAAF %(year_name)s";URSAAF_AC_2 facture;1602;;Appel cotisation 06/%(year_name)s;y;1;
;2012/05/05;437010;"Cotisations aux autres organismes sociaux
Règlement 2eme acompte URSAAF %(year_name)s";URSAAF_AC_2 facture;;1602;Appel cotisation 06/%(year_name)s;y;1;
;2012/05/05;437010;"Cotisations aux autres organismes sociaux
Règlement 2eme acompte URSAAF %(year_name)s";URSAAF_AC_2 paiement;1602;;PRLV Urssaf  de pari TBD;y;1;
;2012/05/05;512100;"Banque
Règlement 2ème acompte URSAAF %(year_name)s";URSAAF_AC_2 paiement;;1602;PRLV Urssaf  de pari TBD;y;1;
;2012/04/18;438000;"Organismes sociaux & Charges à payer et produits à recevoir
 Règlement 1er acompte CIPAV %(year_name)s";CIPAV1 facture;3750.5;;Appel cotisation 05/%(year_name)s;y;1;
;2012/04/18;437020;Cotisations aux autres organismes sociaux Règlement 1er acompte CIPAV %(year_name)s;CIPAV1 facture;;3750.5;Appel cotisation 05/%(year_name)s;y;1;
;2012/04/18;437020;Cotisations aux autres organismes sociaux Règlement 1er acompte CIPAV %(year_name)s;CIPAV1 paiement;3750.5;;prlv cipav ;y;1;
;2012/04/18;512100;Banque Règlement 1er acompte CIPAV %(year_name)s;CIPAV1 paiement;;3750.5;prlv cipav ;y;1;
;2012/08/05;438000;"Organismes sociaux & Charges à payer et produits à recevoir
Règlement 3eme acompte URSAAF %(year_name)s";URSAAF_AC_3 facture;1602;;Appel cotisation 08/%(year_name)s;y;1;
;2012/08/05;437010;"Cotisations aux autres organismes sociaux
Règlement 3eme acompte URSAAF %(year_name)s";URSAAF_AC_3 facture;;1602;Appel cotisation 08/%(year_name)s;y;1;
;2012/08/05;437010;Cotisations aux autres organismes sociaux Règlement 3eme acompte URSAAF %(year_name)s;URSAAF_AC_3 paiement;1602;;PRLV Urssaf  de pari TBD;y;1;
;2012/08/05;512100;Banque Règlement 3ème acompte URSAAF %(year_name)s;URSAAF_AC_3 paiement;;1602;PRLV Urssaf  de pari TBD;y;1;
;2012/08/05;438000;"Organismes sociaux & Charges à payer et produits à recevoir 
Règlement acompte RSI AM T3 %(year_name)s";RSI_AC_T3_%(year_name)s facture;742;;Appel cotisation T3 %(year_name)s;y;1;
;2012/08/05;431000;Sécurité Sociale Règlement acompte RSI AM T3 %(year_name)s;RSI_AC_T3_%(year_name)s facture;;742;Appel cotisation T3 %(year_name)s;y;1;
;2012/08/05;431000;Sécurité Sociale Règlement acompte RSI AM T3 %(year_name)s;RSI_AC_T3_%(year_name)s paiement;742;;Ch TBD;y;1;
;2012/08/05;512100;Banque Règlement acompte RSI AM T3 %(year_name)s;RSI_AC_T3_%(year_name)s paiement;;742;Ch TBD;y;1;
;2012/11/07;438000;"Organismes sociaux & Charges à payer et produits à recevoir 
Règlement 4eme acompte URSAAF %(year_name)s";URSAAF_AC_4 facture;6251;;Appel cotisation 11/%(year_name)s;y;1;
;2012/11/07;437010;Cotisations aux autres organismes sociaux Règlement 4eme acompte URSAAF %(year_name)s;URSAAF_AC_4 facture;;6251;Appel cotisation 11/%(year_name)s;y;1;
;2012/11/07;437010;Cotisations aux autres organismes sociaux Règlement 4eme acompte URSAAF %(year_name)s;URSAAF_AC_4 paiement;6251;;PRLV Urssaf  de pari TBD;y;1;
;2012/11/07;512100;Banque Règlement 4ème acompte URSAAF %(year_name)s;URSAAF_AC_4 paiement;;6251;PRLV Urssaf  de pari TBD;y;1;
;2012/11/05;438000;"Organismes sociaux & Charges à payer et produits à recevoir
 Règlement acompte RSI AM T4 %(year_name)s";RSI_AC_T4_%(year_name)s facture;2620;;Appel cotisation T4 %(year_name)s;y;1;
;2012/11/05;431000;Sécurité Sociale Règlement acompte RSI AM T4 %(year_name)s;RSI_AC_T4_%(year_name)s facture;;2620;Appel cotisation T4 %(year_name)s;y;1;
;2012/11/05;431000;Sécurité Sociale Règlement acompte RSI AM T4 %(year_name)s;RSI_AC_T4_%(year_name)s paiement;2620;;Ch TBD;y;1;
;2012/11/05;512100;Banque Règlement acompte RSI AM T4 %(year_name)s;RSI_AC_T4_%(year_name)s paiement;;2620;Ch TBD;y;1;
;2012/10/15;438000;"Organismes sociaux & Charges à payer et produits à recevoir 
Règlement 2nd acompte CIPAV 2012";CIPAV2 facture;3750.5;;Appel cotisation 12/%(year_name)s;y;1;
;2012/10/15;437020;Cotisations aux autres organismes sociaux Règlement 2nd acompte CIPAV 2012;CIPAV2 facture;;3750.5;Appel cotisation 12/%(year_name)s;y;1;
;2012/10/15;437020;Cotisations aux autres organismes sociaux Règlement 2nd acompte CIPAV 2012;CIPAV2 paiement;3750.5;;prlv cipav ;y;1;
;2012/10/15;512100;Banque Règlement 2nd acompte CIPAV 2012;CIPAV2 paiement;;3750.5;prlv cipav ;y;1;
;2012/01/01;101000;Capital;OUVERTURE 2012;;2000;BILAN 2011;y;1;
;2012/01/01;106100;    Réserve légale;OUVERTURE 2012;;1200;BILAN 2011;;;
;2012/01/01;110000;Report à nouveau (solde créditeur);OUVERTURE 2012;;5201.83;BILAN 2011;;;
;2012/01/01;120000;Résultat de l'exercice (bénéfice);OUVERTURE 2012;0;19463.21;BILAN 2011;y;1;
;2012/01/01;401100;Fournisseurs - Achats de biens et services;OUVERTURE 2012;;;BILAN 2011;y;1;
;2012/01/01;411000;Clients – ventes de prestations de service;OUVERTURE 2012;24219;;BILAN 2011;y;1;
;2012/01/01;421000;Exploitant - rémunération due;OUVERTURE 2012;567.88;;BILAN 2011;y;1;
;2012/01/01;428600;Autres charges à payer;OUVERTURE 2012;;;BILAN 2011;y;1;
;2012/01/01;431000;Sécurité sociale RSI;OUVERTURE 2012;;0;BILAN 2011;y;1;
;2012/01/01;437010;"Autres organismes sociaux 
Cotisations Ursaaf";OUVERTURE 2012;;0;BILAN 2011;y;1;
;2012/01/01;437020;Cotisations aux autres organismes sociaux-CIPAV;OUVERTURE 2012;;0;BILAN 2011;y;1;
;2012/01/01;438000;    Organismes sociaux & Charges à payer et produits à recevoir;OUVERTURE 2012;;25739.28;BILAN 2011;y;1;
;2012/01/01;445660;TVA déductible;OUVERTURE 2012;409.2;;BILAN 2011;y;1;
;2012/01/01;445710;TVA collectée;OUVERTURE 2012;;3606.24;BILAN 2011;y;1;
;2012/01/01;445810;Acomptes – régime simplifié d'imposition;OUVERTURE 2012;;;BILAN 2011;y;1;
;2012/01/01;448600;Etat – Charges à payer;OUVERTURE 2012;;1350.24;BILAN 2011;y;1;
;2012/01/01;486000;Charges constatées d'avance;OUVERTURE 2012;802.49;;BILAN 2011;y;1;
;2012/01/01;512100;Banque;OUVERTURE 2012;32547.23;;BILAN 2011;y;1;
;2012/01/01;512101;Banque – Binck Bank;OUVERTURE 2012;15;;BILAN 2011;y;1;
;2012/01/01;513000;Caisse;OUVERTURE 2012;;;BILAN 2011;y;1;
;2012/07/9;448600;Etat – Charges à payer;IS 2011 facture;;27;;;;
;2012/07/9;444000;Etat-Imot sur les bénéfices;IS 2011 facture;27;;;;;
;2012/07/9;444000;Etat-Imot sur les bénéfices;IS_2011 paiement;;27;;;;
;2012/07/9;512100;Banque Paiement de l'IS 2011;IS_2011 paiement;27;;;;;
;2012/12/15;448600;Etat – Charges à payer;TP_2011;859;;;;;
;2012/12/15;512100;Banque Taxe professionnelle 2011;TP_2011;;859;;;;
;2012/12/31;486000;"Charges constatées d'avance
Assurance risque d'exploitation 2012";AXA_2013;0;;;;;
;2012/12/31;616400;"Primes d'assurance - risques d'exploitation
Assurance risque d'exploitation AXA";AXA_2013;;0;;;;
;2012/12/31;616400;"Primes d'assurance - risques d'exploitation
Assurance risque d'exploitation AXA";AXA_2013 facture;0;;;;;
;2012/12/31;445660;"TVA déductible
TVA déductible sur prime d'assurance AXA";AXA_2013 facture;0;;;;;
;2012/12/31;401100;"Fournisseurs - Achats de biens et services
Assurance risque d'exploitation AXA";AXA_2013 facture;;0;;;;
;2012/12/31;401100;"Fournisseurs - Achats de biens et services
Assurance risque d'exploitation AXA";AXA_2013 paiement;0;;;;;
;2012/12/31;512100;"Banque
Assurance risque d'exploitation 2013";AXA_2013 paiement;;0;;;;
;2012/12/31;635110;"Autres impôts – Taxe professionelle
Estimation";TaxeP_2012;860;;Ecriture d'inventaire;;;
;2012/12/31;448600;Etat – Charges à payer;TaxeP_2012;;860;Ecriture d'inventaire;;;
;2012/04/17;512100;"Banque
Retrait en espèces";Dejeuner client retrait;;20;;;;
;2012/04/17;513000;"Caisse
Dejeuner client";Dejeuner client retrait;20;;;;;
;2012/04/17;513000;"Caisse
Dejeuner client";Dejeuner client paiement;;20;;;;
;2012/04/17;625000;"Déplacements, missions et réceptions
Remboursement dejeuner client";Dejeuner client paiement;20;;;;;
;2012/04/20;618000;"Divers
Darty - matériel";Samrtphone GS2 – facture;383.78;;;;;
;2012/04/20;445660;"TVA déductible 
Darty - matériel";Samrtphone GS2 – facture;75.22;;;;;
;2012/04/20;401100;"Fournisseurs - Achats de biens et services
Darty - matériel";Samrtphone GS2 – facture;;459;;;;
;2012/04/20;401100;"Fournisseurs - Achats de biens et services
Darty - matériel";Samrtphone GS2 – paiement;459;;;;;
;2012/04/20;512100;"Banque
Darty - matériel";Samrtphone GS2 – paiement;;459;;;;
;2012/07/13;445710;"TVA collectée
TVA collectée T3 2012";TVA CA4 T2_2012 – facture;2764.78;;;;;
;2012/07/13;445810;Acomptes – régime simplifié d'imposition Acompte TVA T2 2012;TVA CA4 T2_2012 – facture;;2764.78;;;;
;2012/07/13;445810;Acomptes – régime simplifié d'imposition Acompte TVA 2ème trimestre 2012;TVA CA4 T2_2012 – paiement;2764.78;;;;;
;2012/07/13;512100;Banque Règlement acompte TVA 2ème trimestre 2012;TVA CA4 T2_2012 – paiement;;2764.78;;;;
;2012/10/20;445710;"TVA collectée
TVA collectée T3 2012";TVA CA4 T3_2012 – facture;0;;;;;
;2012/10/20;445810;"Acomptes – régime simplifié d'imposition
 Acompte TVA T3 2012";TVA CA4 T3_2012 – facture;;0;;;;
;2012/10/20;445810;"Acomptes – régime simplifié d'imposition
 Acompte TVA T3 2012";TVA CA4 T3_2012 – paiement;0;;;;;
;2012/10/20;512100;"Banque
 Règlement acompte TVA T3 2012";TVA CA4 T3_2012 – paiement;;0;;;;
;2012/12/20;445710;"TVA collectée
TVA collectée T4 2012";TVA CA4 T4_2012 – facture;0;;;;;
;2012/12/20;445810;"Acomptes – régime simplifié d'imposition
  Acompte TVA T4 2012";TVA CA4 T4_2012 – facture;;0;;;;
;2012/12/20;445810;"Acomptes – régime simplifié d'imposition
  Acompte TVA T4 2012";TVA CA4 T4_2012 – paiement;0;;;;;
;2012/12/20;512100;"Banque
 Règlement acompte TVA T4 2012";TVA CA4 T4_2012 – paiement;;0;;;;
;2012/01/04;618300;"Documentation technique 
Eyrolles – Livre1";Livre1 – facture;60.23;;;;;
;2012/01/04;445660;"TVA déductible 
Eyrolles – Livre1";TVA Livre1 – facture;3.31;;;;;
;2012/01/04;401100;"Fournisseurs - Achats de biens et services
 Eyrolles Livre1";Livres (Livre1) – facture;;63.54;;;;
;2012/01/04;401100;"Fournisseurs - Achats de biens et services Eyrolles
 Livre1";Livres (Livre1) – paiement;63.54;;;;;
;2012/01/04;512100;"Banque
Eyrolles Livre1";Livres (Livre1) – paiement;;63.54;;;;
;2012/09/24;618300;"Documentation technique 
Amazone – Livre multithreads C++"; Livre multithreads C++ – facture;43.51;;;;;
;2012/09/24;445660;"TVA déductible 
Amazone – Livre multithreads C++";TVA  Livre multithreads C++ – facture;2.53;;;;;
;2012/09/24;401100;"Fournisseurs - Achats de biens et services
 Amazone – Livre multithreads C++";Livres ( multithreads C++) – facture;;46.04;;;;
;2012/09/24;401100;"Fournisseurs - Achats de biens et services Amazone
 Livre multithreads C++";Livres ( multithreads C++) – paiement;46.04;;;;;
;2012/09/24;512100;"Banque
Amazone – Livre multithreads C++";Livres ( multithreads C++) – paiement;;46.04;;;;
;2012/01/03;625000;"Voyages et déplacements
Carte intégrale janvier 2012 - RATP";RATP_M1_2012 facture;101.13;;;;;
;2012/01/03;401100;"Fournisseurs - Achats de biens et services
Carte intégrale janvier 2012 - RATP";RATP_M1_2012 facture;;101.13;;;;
;2012/01/03;401100;Fournisseurs - Achats de biens et services Carte intégrale janvier 2012 - RATP;RATP_M1_2012 paiement;101.13;;;;;
;2012/01/03;512100;Banque Carte intégrale janvier 2012 - RATP;RATP_M1_2012 paiement;;101.13;;;;
;2012/01/06;411000;"Clients- ventes de prestations de service
Règlement MOZILLA Facture n°22 - prestations de octobre_2011";MOZILLA_M10_2011 paiement;;5812.56;VIR MOZILLA INFORMATIQ TBD;;;
;2012/01/06;512100;"Banque
Règlement MOZILLA Facture n°22 - prestations de octobre_2011";MOZILLA_M10_2011 paiement;5812.56;;VIR MOZILLA INFORMATIQ TBD;;;
;2012/02/02;411000;"Clients- ventes de prestations de service
Règlement MOZILLA Facture n°23 - prestations de novembre_2011";MOZILLA_M11_2011 paiement;;9687.6;VIR MOZILLA INFORMATIQ TBD;;;
;2012/02/02;512100;"Banque
Règlement MOZILLA Facture n°23 - prestations de novembre_2011";MOZILLA_M11_2011 paiement;9687.6;;VIR MOZILLA INFORMATIQ TBD;;;
;2012/02/02;411000;"Clients- ventes de prestations de service
Règlement MOZILLA Facture n°24 - prestations de decembre_2011";MOZILLA_M12_2011 paiement;;8234.46;VIR MOZILLA INFORMATIQ TBD;;;
;2012/02/02;512100;"Banque
Règlement MOZILLA Facture n°24 - prestations de decembre_2011";MOZILLA_M12_2011 paiement;8234.46;;VIR MOZILLA INFORMATIQ TBD;;;
;2012/02/02;706000;"Prestations de service
rectification facture MOZILLA decembre_2011";MOZILLA_M12_2011  (facture erronée);484.38;;;;;
;2012/02/02;411000;"Clientes – ventes de prestations de service
 rectification facture MOZILLA decembre_2011";MOZILLA_M12_2011  (facture erronée);;484.38;;;;
;2012/03/31;706000;"Prestations de service
Facture Boeing n°1 – prestations de mars_2012";Boeing_M1;;8800;;;;
;2012/03/31;445710;"TVA collectée
Facture Boeing n°1 – prestations de mars_2012";Boeing_M1;;1724.8;;;;
;2012/03/31;411000;Clientes – ventes de prestations de service Facture Boeing n°1 – prestations de mars_2012;Boeing_M1;10524.8;;;;;
;2012/05/03;411000;"Clients- ventes de prestations de service
Règlement Davidon Facture n°1 - prestations de mars_2012";Boeing_M1_2012 paiement;;10524.8;;;;
;2012/05/03;512100;"Banque
Règlement Boeing Facture n°1 - prestations de mars_2012";Boeing_M1_2012 paiement;10524.8;;;;;
;2012/04/30;706000;"Prestations de service
Facture Boeing n°2 – prestations de avril_2012";Boeing_M2;;6160;;;;
;2012/04/30;445710;"TVA collectée
Facture Boeing n°2 – prestations de avril_2012";Boeing_M2;;1207.36;;;;
;2012/04/30;411000;Clientes – ventes de prestations de service Facture Boeing n°2 – prestations de avril_2012;Boeing_M2;7367.36;;;;;
;2012/05/31;411000;"Clients- ventes de prestations de service
Règlement Boeing Facture n°2 - prestations de avril_2012";Boeing_M2_2012 paiement;;7367.36;;;;
;2012/05/31;512100;"Banque
Règlement Boeing Facture n°2 - prestations de avril_2012";Boeing_M2_2012 paiement;7367.36;;;;;
;2012/12/3;618000;"Divers
FNAC - matériel";Video conf – facture;83.44;;;;;
;2012/12/3;445660;"TVA déductible 
FNAC - matériel";Video conf – facture;16.36;;;;;
;2012/12/3;401100;"Fournisseurs - Achats de biens et services
FNAC - matériel";Video conf – facture;;99.8;;;;
;2012/12/3;401100;"Fournisseurs - Achats de biens et services
FNAC - matériel";Video conf – paiement;99.8;;;;;
;2012/12/3;512100;"Banque
FNAC - matériel";Video conf – paiement;;99.8;;;;
;2012/10/23;706000;"Prestations de service
Facture Blue Crest n°1 – prestations de septembre_2012";BlueCrest_M9;;137.91;;;;
;2012/10/23;411000;Clientes – ventes de prestations de service Facture BlueCrest n°1 – prestations de septembre_2012;BlueCrest_M9;137.91;;;;;
;2012/10/23;411000;"Clients- ventes de prestations de service
Règlement Blue Crest Facture n°1 - prestations de septembre_2012";BlueCrest_M9_2012 paiement;;137.91;;;;
;2012/10/23;512100;"Banque
Règlement Blue Crest Facture n°1 - prestations de septembre_2012";BlueCrest_M9_2012 paiement;137.91;;;;;
;2012/10/23;627800;"Autres frais et commisions sur prestations de services
Commission sur virement";Commission – facture;25;;;;;
;2012/10/23;401100;"Fournisseurs - Achats de biens et services
Frais commision sur virement";Commission – facture;;25;;;;
;2012/10/23;401100;"Fournisseurs - Achats de biens et services
Frais commision sur virement";Commission – paiement;25;;;;;
;2012/10/23;512100;"Banque
Banque – commission sur virement";Commission – paiement;;25;;;;
;2012/02/03;625000;"Voyages et déplacements
Carte intégrale fevrier 2012 - RATP";RATP_M2_2012 facture;104.27;;;;;
;2012/02/03;401100;"Fournisseurs - Achats de biens et services
Carte intégrale fevrier 2012 - RATP";RATP_M2_2012 facture;;104.27;;;;
;2012/02/03;401100;Fournisseurs - Achats de biens et services Carte intégrale fevrier 2012 - RATP;RATP_M2_2012 paiement;104.27;;;;;
;2012/02/03;512100;Banque Carte intégrale fevrier 2012 - RATP;RATP_M2_2012 paiement;;104.27;;;;
;2012/03/03;625000;"Voyages et déplacements
Carte intégrale mars 2012 - RATP";RATP_M3_2012 facture;102.7;;;;;
;2012/03/03;401100;"Fournisseurs - Achats de biens et services
Carte intégrale mars 2012 - RATP";RATP_M3_2012 facture;;102.7;;;;
;2012/03/03;401100;Fournisseurs - Achats de biens et services Carte intégrale mars 2012 - RATP;RATP_M3_2012 paiement;102.7;;;;;
;2012/03/03;512100;Banque Carte intégrale mars 2012 - RATP;RATP_M3_2012 paiement;;102.7;;;;
;2012/04/03;625000;"Voyages et déplacements
Carte intégrale avril 2012 - RATP";RATP_M4_2012 facture;102.7;;;;;
;2012/04/03;401100;"Fournisseurs - Achats de biens et services
Carte intégrale avril 2012 - RATP";RATP_M4_2012 facture;;102.7;;;;
;2012/04/03;401100;Fournisseurs - Achats de biens et services Carte intégrale avril 2012 - RATP;RATP_M4_2012 paiement;102.7;;;;;
;2012/04/03;512100;Banque Carte intégrale avril 2012 - RATP;RATP_M4_2012 paiement;;102.7;;;;
;2012/06/06;644000;"Rémunération du travail de l'exploitant
Rémunération_Gérant_M6_2012";GERANT_M6_2012;1000;;PV 2011 & taux prél sociaux;;;
;2012/06/06;421000;"Exploitant - rémunération due
Rémunération_Gérant_M6_2012";GERANT_M6_2012;;1000;PV 2011 & taux prél sociaux;;;
;2012/06/06;438000;"Organismes sociaux & Charges à payer et produits à recevoir
Cotisations RSI rémunération_Gérant_M6_2012";GERANT_M6_2012 cotisations RSI;;60.14;site RSI;;;
;2012/06/06;645800;"Cotisations aux autres organismes sociaux
Charges RSI M6_2012";GERANT_M6_2012 cotisations RSI;60.14;;site RSI;;;
;2012/06/06;438000;"Organismes sociaux & Charges à payer et produits à recevoir
Cotisations Ursaaf – rémunération_Gérant_M6_2012";GERANT_M6_2012 cotisations URSAAF;;139.66;site Urssaf;;;
;2012/06/06;645100;"Cotisations à l'URSAAF
Charges URSAAF M6_2012";GERANT_M6_2012 cotisations URSAAF;139.66;;site Urssaf;;;
;2012/06/06;438000;"Organismes sociaux & Charges à payer et produits à recevoir
Cotisations CIPAV – rémunération_Gérant_M6_2012";GERANT_M6_2012 cotisations CIPAV;;96.19;Site CIPAV;;;
;2012/06/06;645300;"Cotisations CIPAV
Charges CIPAV M6_2012";GERANT_M6_2012 cotisations CIPAV;96.19;;Site CIPAV;;;
;2012/06/06;421000;"Exploitant - rémunération due
Rémunération_Gérant_M6_2012";GERANT_M6_2012 salaire;1000;;PV 2011 & taux prél sociaux;;;
;2012/06/06;512100;"Banque
Rémunération_Gérant_M6_2012";GERANT_M6_2012 salaire;;1000;virt Gérant juin 2012;;;
;2012/07/06;644000;"Rémunération du travail de l'exploitant
Rémunération_Gérant_M7_2012";GERANT_M7_2012;1000;;PV 2011 & taux prél sociaux;;;
;2012/07/06;421000;"Exploitant - rémunération due
Rémunération_Gérant_M7_2012";GERANT_M7_2012;;1000;PV 2011 & taux prél sociaux;;;
;2012/07/06;438000;"Organismes sociaux & Charges à payer et produits à recevoir
Cotisations RSI rémunération_Gérant_M7_2012";GERANT_M7_2012 cotisations RSI;;60.14;site RSI;;;
;2012/07/06;645800;"Cotisations aux autres organismes sociaux
Charges RSI M7_2012";GERANT_M7_2012 cotisations RSI;60.14;;site RSI;;;
;2012/07/06;438000;"Organismes sociaux & Charges à payer et produits à recevoir
Cotisations Ursaaf – rémunération_Gérant_M7_2012";GERANT_M7_2012 cotisations URSAAF;;139.66;site Urssaf;;;
;2012/07/06;645100;"Cotisations à l'URSAAF
Charges URSAAF M7_2012";GERANT_M7_2012 cotisations URSAAF;139.66;;site Urssaf;;;
;2012/07/06;438000;"Organismes sociaux & Charges à payer et produits à recevoir
Cotisations CIPAV – rémunération_Gérant_M7_2012";GERANT_M7_2012 cotisations CIPAV;;96.19;Site CIPAV;;;
;2012/07/06;645300;"Cotisations CIPAV
Charges CIPAV M7_2012";GERANT_M7_2012 cotisations CIPAV;96.19;;Site CIPAV;;;
;2012/07/06;421000;"Exploitant - rémunération due
Rémunération_Gérant_M7_2012";GERANT_M7_2012 salaire;1000;;PV 2011 & taux prél sociaux;;;
;2012/07/06;512100;"Banque
Rémunération_Gérant_M7_2012";GERANT_M7_2012 salaire;;1000;virt Gérant juillet 2012;;;
;2012/08/06;644000;"Rémunération du travail de l'exploitant
Rémunération_Gérant_M8_2012";GERANT_M8_2012;1000;;PV 2011 & taux prél sociaux;;;
;2012/08/06;421000;"Exploitant - rémunération due
Rémunération_Gérant_M8_2012";GERANT_M8_2012;;1000;PV 2011 & taux prél sociaux;;;
;2012/08/06;438000;"Organismes sociaux & Charges à payer et produits à recevoir
Cotisations RSI rémunération_Gérant_M8_2012";GERANT_M8_2012 cotisations RSI;;60.14;site RSI;;;
;2012/08/06;645800;"Cotisations aux autres organismes sociaux
Charges RSI M8_2012";GERANT_M8_2012 cotisations RSI;60.14;;site RSI;;;
;2012/08/06;438000;"Organismes sociaux & Charges à payer et produits à recevoir
Cotisations Ursaaf – rémunération_Gérant_M8_2012";GERANT_M8_2012 cotisations URSAAF;;139.66;site Urssaf;;;
;2012/08/06;645100;"Cotisations à l'URSAAF
Charges URSAAF M8_2012";GERANT_M8_2012 cotisations URSAAF;139.66;;site Urssaf;;;
;2012/08/06;438000;"Organismes sociaux & Charges à payer et produits à recevoir
Cotisations CIPAV – rémunération_Gérant_M8_2012";GERANT_M8_2012 cotisations CIPAV;;96.19;Site CIPAV;;;
;2012/08/06;645300;"Cotisations CIPAV
Charges CIPAV M8_2012";GERANT_M8_2012 cotisations CIPAV;96.19;;Site CIPAV;;;
;2012/08/06;421000;"Exploitant - rémunération due
Rémunération_Gérant_M8_2012";GERANT_M8_2012 salaire;1000;;PV 2011 & taux prél sociaux;;;
;2012/08/06;512100;"Banque
Rémunération_Gérant_M8_2012";GERANT_M8_2012 salaire;;1000;virt Gérant aout 2012;;;
;2012/09/06;644000;"Rémunération du travail de l'exploitant
Rémunération_Gérant_M9_2012";GERANT_M9_2012;1000;;PV 2011 & taux prél sociaux;;;
;2012/09/06;421000;"Exploitant - rémunération due
Rémunération_Gérant_M9_2012";GERANT_M9_2012;;1000;PV 2011 & taux prél sociaux;;;
;2012/09/06;438000;"Organismes sociaux & Charges à payer et produits à recevoir
Cotisations RSI rémunération_Gérant_M9_2012";GERANT_M9_2012 cotisations RSI;;60.14;site RSI;;;
;2012/09/06;645800;"Cotisations aux autres organismes sociaux
Charges RSI M9_2012";GERANT_M9_2012 cotisations RSI;60.14;;site RSI;;;
;2012/09/06;438000;"Organismes sociaux & Charges à payer et produits à recevoir
Cotisations Ursaaf – rémunération_Gérant_M9_2012";GERANT_M9_2012 cotisations URSAAF;;139.66;site Urssaf;;;
;2012/09/06;645100;"Cotisations à l'URSAAF
Charges URSAAF M9_2012";GERANT_M9_2012 cotisations URSAAF;139.66;;site Urssaf;;;
;2012/09/06;438000;"Organismes sociaux & Charges à payer et produits à recevoir
Cotisations CIPAV – rémunération_Gérant_M9_2012";GERANT_M9_2012 cotisations CIPAV;;96.19;Site CIPAV;;;
;2012/09/06;645300;"Cotisations CIPAV
Charges CIPAV M9_2012";GERANT_M9_2012 cotisations CIPAV;96.19;;Site CIPAV;;;
;2012/09/06;421000;"Exploitant - rémunération due
Rémunération_Gérant_M9_2012";GERANT_M9_2012 salaire;1000;;PV 2011 & taux prél sociaux;;;
;2012/09/06;512100;"Banque
Rémunération_Gérant_M9_2012";GERANT_M9_2012 salaire;;1000;virt Gérant septembre 2012;;;
;2012/10/06;644000;"Rémunération du travail de l'exploitant
Rémunération_Gérant_M10_2012";GERANT_M10_2012;1000;;PV 2011 & taux prél sociaux;;;
;2012/10/06;421000;"Exploitant - rémunération due
Rémunération_Gérant_M10_2012";GERANT_M10_2012;;1000;PV 2011 & taux prél sociaux;;;
;2012/10/06;438000;"Organismes sociaux & Charges à payer et produits à recevoir
Cotisations RSI rémunération_Gérant_M10_2012";GERANT_M10_2012 cotisations RSI;;60.14;site RSI;;;
;2012/10/06;645800;"Cotisations aux autres organismes sociaux
Charges RSI M10_2012";GERANT_M10_2012 cotisations RSI;60.14;;site RSI;;;
;2012/10/06;438000;"Organismes sociaux & Charges à payer et produits à recevoir
Cotisations Ursaaf – rémunération_Gérant_M10_2012";GERANT_M10_2012 cotisations URSAAF;;139.66;site Urssaf;;;
;2012/10/06;645100;"Cotisations à l'URSAAF
Charges URSAAF M10_2012";GERANT_M10_2012 cotisations URSAAF;139.66;;site Urssaf;;;
;2012/10/06;438000;"Organismes sociaux & Charges à payer et produits à recevoir
Cotisations CIPAV – rémunération_Gérant_M10_2012";GERANT_M10_2012 cotisations CIPAV;;96.19;Site CIPAV;;;
;2012/10/06;645300;"Cotisations CIPAV
Charges CIPAV M10_2012";GERANT_M10_2012 cotisations CIPAV;96.19;;Site CIPAV;;;
;2012/10/06;421000;"Exploitant - rémunération due
Rémunération_Gérant_M10_2012";GERANT_M10_2012 salaire;1000;;PV 2011 & taux prél sociaux;;;
;2012/10/06;512100;"Banque
Rémunération_Gérant_M10_2012";GERANT_M10_2012 salaire;;1000;virt Gérant octobre 2012;;;
;2012/11/06;644000;"Rémunération du travail de l'exploitant
Rémunération_Gérant_M11_2012";GERANT_M11_2012;1000;;PV 2011 & taux prél sociaux;;;
;2012/11/06;421000;"Exploitant - rémunération due
Rémunération_Gérant_M11_2012";GERANT_M11_2012;;1000;PV 2011 & taux prél sociaux;;;
;2012/11/06;438000;"Organismes sociaux & Charges à payer et produits à recevoir
Cotisations RSI rémunération_Gérant_M11_2012";GERANT_M11_2012 cotisations RSI;;60.14;site RSI;;;
;2012/11/06;645800;"Cotisations aux autres organismes sociaux
Charges RSI M11_2012";GERANT_M11_2012 cotisations RSI;60.14;;site RSI;;;
;2012/11/06;438000;"Organismes sociaux & Charges à payer et produits à recevoir
Cotisations Ursaaf – rémunération_Gérant_M11_2012";GERANT_M11_2012 cotisations URSAAF;;139.66;site Urssaf;;;
;2012/11/06;645100;"Cotisations à l'URSAAF
Charges URSAAF M11_2012";GERANT_M11_2012 cotisations URSAAF;139.66;;site Urssaf;;;
;2012/11/06;438000;"Organismes sociaux & Charges à payer et produits à recevoir
Cotisations CIPAV – rémunération_Gérant_M11_2012";GERANT_M11_2012 cotisations CIPAV;;96.19;Site CIPAV;;;
;2012/11/06;645300;"Cotisations CIPAV
Charges CIPAV M11_2012";GERANT_M11_2012 cotisations CIPAV;96.19;;Site CIPAV;;;
;2012/11/06;421000;"Exploitant - rémunération due
Rémunération_Gérant_M11_2012";GERANT_M11_2012 salaire;1000;;PV 2011 & taux prél sociaux;;;
;2012/11/06;512100;"Banque
Rémunération_Gérant_M11_2012";GERANT_M11_2012 salaire;;1000;virt Gérant novembre 2012;;;
;2012/12/06;644000;"Rémunération du travail de l'exploitant
Rémunération_Gérant_M12_2012";GERANT_M12_2012;1000;;PV 2011 & taux prél sociaux;;;
;2012/12/06;421000;"Exploitant - rémunération due
Rémunération_Gérant_M12_2012";GERANT_M12_2012;;1000;PV 2011 & taux prél sociaux;;;
;2012/12/06;438000;"Organismes sociaux & Charges à payer et produits à recevoir
Cotisations RSI rémunération_Gérant_M12_2012";GERANT_M12_2012 cotisations RSI;;60.14;site RSI;;;
;2012/12/06;645800;"Cotisations aux autres organismes sociaux
Charges RSI M12_2012";GERANT_M12_2012 cotisations RSI;60.14;;site RSI;;;
;2012/12/06;438000;"Organismes sociaux & Charges à payer et produits à recevoir
Cotisations Ursaaf – rémunération_Gérant_M12_2012";GERANT_M12_2012 cotisations URSAAF;;139.66;site Urssaf;;;
;2012/12/06;645100;"Cotisations à l'URSAAF
Charges URSAAF M12_2012";GERANT_M12_2012 cotisations URSAAF;139.66;;site Urssaf;;;
;2012/12/06;438000;"Organismes sociaux & Charges à payer et produits à recevoir
Cotisations CIPAV – rémunération_Gérant_M12_2012";GERANT_M12_2012 cotisations CIPAV;;96.19;Site CIPAV;;;
;2012/12/06;645300;"Cotisations CIPAV
Charges CIPAV M12_2012";GERANT_M12_2012 cotisations CIPAV;96.19;;Site CIPAV;;;
;2012/12/06;421000;"Exploitant - rémunération due
Rémunération_Gérant_M12_2012";GERANT_M12_2012 salaire;1000;;PV 2011 & taux prél sociaux;;;
;2012/12/06;512100;"Banque
Rémunération_Gérant_M12_2012";GERANT_M12_2012 salaire;;1000;virt Gérant décembre 2012;;;
;2012/10/05;627000;"Services bancaires et assimilés
Frais tenue de compte HSBC octobre_2012";HSBC_M10_2012 facture;22;;FF hsbc 10;;;
;2012/10/05;445660;TVA déductible TVA déductible sur frais tenue de compte HSBC octobre_2012;HSBC_M10_2012 facture;4.31;;FF hsbc 10;;;
;2012/10/05;401100;"Fournisseurs - Achats de biens et services
Frais tenue de compte HSBC octobre_2012";HSBC_M10_2012 facture;;26.31;FF hsbc 10;;;
;2012/10/05;401100;"Fournisseurs - Achats de biens et services
Frais tenue de compte HSBC octobre_2012";HSBC_M10_2012 paiement;26.31;;PRLV TBD;;;
;2012/10/05;512100;"Banque
Frais tenue de compte HSBC octobre_2012";HSBC_M10_2012 paiement;;26.31;PRLV TBD;;;
;2012/11/05;627000;"Services bancaires et assimilés
Frais tenue de compte HSBC novembre_2012";HSBC_M11_2012 facture;22;;FF hsbc 11;;;
;2012/11/05;445660;TVA déductible TVA déductible sur frais tenue de compte HSBC novembre_2012;HSBC_M11_2012 facture;4.31;;FF hsbc 11;;;
;2012/11/05;401100;"Fournisseurs - Achats de biens et services
Frais tenue de compte HSBC novembre_2012";HSBC_M11_2012 facture;;26.31;FF hsbc 11;;;
;2012/11/05;401100;"Fournisseurs - Achats de biens et services
Frais tenue de compte HSBC novembre_2012";HSBC_M11_2012 paiement;26.31;;PRLV TBD;;;
;2012/11/05;512100;"Banque
Frais tenue de compte HSBC novembre_2012";HSBC_M11_2012 paiement;;26.31;PRLV TBD;;;
;2012/12/05;627000;"Services bancaires et assimilés
Frais tenue de compte HSBC decembre_2012";HSBC_M12_2012 facture;22;;FF hsbc 12;;;
;2012/12/05;445660;TVA déductible TVA déductible sur frais tenue de compte HSBC decembre_2012;HSBC_M12_2012 facture;4.31;;FF hsbc 12;;;
;2012/12/05;401100;"Fournisseurs - Achats de biens et services
Frais tenue de compte HSBC decembre_2012";HSBC_M12_2012 facture;;26.31;FF hsbc 12;;;
;2012/12/05;401100;"Fournisseurs - Achats de biens et services
Frais tenue de compte HSBC decembre_2012";HSBC_M12_2012 paiement;26.31;;PRLV TBD;;;
;2012/12/05;512100;"Banque
Frais tenue de compte HSBC decembre_2012";HSBC_M12_2012 paiement;;26.31;PRLV TBD;;;
