,N°,Date,Comptes,Intitulé,Code opération,Débit,Crédit
,3,2011/01/01,101000,Capital,OUVERTURE 2011,,2000,"0,000","2000,000"
Totaux,,1,101000,Capital,,"0,000","2000,000"

,N°,Date,Comptes,Intitulé,Code opération,Débit,Crédit
,111,2011/03/07,106100,Réserve légale,AFFECTATION DIV IN,,1200,"0,000","1200,000"
Totaux,,2,106100,    Réserve légale,,"0,000","1200,000"

,N°,Date,Comptes,Intitulé,Code opération,Débit,Crédit
,113,2011/03/07,110000,Report à nouveau 2011,AFFECTATION DIV IN,,5201.83,"0,000","5201,83"
Totaux,,3,110000,Report à nouveau (solde créditeur),,"0,000","5201,83"

,N°,Date,Comptes,Intitulé,Code opération,Débit,Crédit
,4,2011/01/01,120000,Résultat de l'exercice (bénéfice),OUVERTURE 2011,,22601.83,"0,000","22601,83"
,110,2011/03/07,120000,Résultat de l'exercice (bénéfice),AFFECTATION DIV IN,22601.83,,"22601,83","22601,83"
Totaux,,4,120000,Résultat de l'exercice (bénéfice),,"22601,83","22601,83"

,N°,Date,Comptes,Intitulé,Code opération,Débit,Crédit
,5,2011/01/01,401100,Fournisseurs - Achats de biens et services,OUVERTURE 2011,,0,"0,000","0,000"
,21,2011/01/03,401100,"Fournisseurs - Achats de biens et services
Carte intégrale janvier 2011 - RATP",RATP_M1_2011 facture,,101.13,"0,000","101,13"
,22,2011/01/03,401100,Fournisseurs - Achats de biens et services Carte intégrale janvier 2011 - RATP,RATP_M1_2011 paiement,101.13,,"101,13","101,13"
,30,2011/01/05,401100,"Fournisseurs - Achats de biens et services
Frais tenue de compte HSBC janvier_2011",HSBC_M1_2011 facture,,23.92,"101,13","125,05"
,31,2011/01/05,401100,"Fournisseurs - Achats de biens et services
Frais tenue de compte HSBC janvier_2011",HSBC_M1_2011 service paiement,20,,"121,13","125,05"
,33,2011/01/05,401100,"Fournisseurs - Achats de biens et services
Frais tenue de compte HSBC janvier_2011",HSBC_M1_2011 TVA paiement,3.92,,"125,05","125,05"
,46,2011/01/10,401100,"Fournisseurs - Achats de biens et services
La Poste - achat de timbres",POSTE 1 facture,,13.92,"125,05","138,97"
,47,2011/01/10,401100,"Fournisseurs - Achats de biens et services
La Poste - achat de timbres",POSTE 1 paiement,13.92,,"138,97","138,97"
,54,2011/01/19,401100,"Fournisseurs - Achats de biens et services
Tribunal de Commerce: paraffage livre d'inventaire",CHARGES GESTION facture,,3.11,"138,97","142,08"
,55,2011/01/19,401100,"Fournisseurs - Achats de biens et services
Tribunal de Commerce: paraffage livre d'inventaire",CHARGES GESTION paiement,3.11,,"142,08","142,08"
,62,2011/02/03,401100,"Fournisseurs - Achats de biens et services
Carte intégrale février 2011 - RATP",RATP_M2_2011 facture,,101.13,"142,08","243,21"
,63,2011/02/03,401100,Fournisseurs - Achats de biens et services Carte intégrale février 2011 - RATP,RATP_M2_2011 paiement,101.13,,"243,21","243,21"
,67,2011/02/05,401100,"Fournisseurs - Achats de biens et services
Frais tenue de compte HSBC février_2011",HSBC_M2_2011 facture,,23.92,"243,21","267,13"
,68,2011/02/05,401100,"Fournisseurs - Achats de biens et services
Frais tenue de compte HSBC février_2011",HSBC_M2_2011 service paiement,20,,"263,21","267,13"
,70,2011/02/05,401100,"Fournisseurs - Achats de biens et services
Frais tenue de compte HSBC février_2011",HSBC_M2_2011 TVA paiement,3.92,,"267,13","267,13"
,90,2011/03/03,401100,"Fournisseurs - Achats de biens et services
Carte intégrale mars 2011 - RATP",RATP_M3_2011 facture,,101.13,"267,13","368,26"
,91,2011/03/03,401100,Fournisseurs - Achats de biens et services Carte intégrale mars 2011 - RATP,RATP_M3_2011 paiement,101.13,,"368,26","368,26"
,95,2011/03/05,401100,"Fournisseurs - Achats de biens et services
Frais tenue de compte HSBC mars_2011",HSBC_M3_2011 facture,,23.92,"368,26","392,18"
,96,2011/03/05,401100,"Fournisseurs - Achats de biens et services
Frais tenue de compte HSBC mars_2011",HSBC_M3_2011 service paiement,20,,"388,26","392,18"
,98,2011/03/05,401100,"Fournisseurs - Achats de biens et services
Frais tenue de compte HSBC mars_2011",HSBC_M3_2011 TVA paiement,3.92,,"392,18","392,18"
,118,2011/03/10,401100,"Fournisseurs - Achats de biens et services
Surcouf -cartouches imprimante",Cartouches facture,,35.99,"392,18","428,17"
,119,2011/03/10,401100,"Fournisseurs - Achats de biens et services
Surcouf -cartouches imprimante",Cartouches paiement,35.99,,"428,17","428,17"
,122,2011/03/11,401100,"Fournisseurs - Achats de biens et services
La Poste - achat de timbres",POSTE 2 facture,,6.1,"428,17","434,27"
,123,2011/03/11,401100,"Fournisseurs - Achats de biens et services
La Poste - achat de timbres",POSTE 2 paiement,6.1,,"434,27","434,27"
,132,2011/03/17,401100,"Fournisseurs - Achats de biens et services
T.C de Versailles – depot compte 2010",T.C. Versailles facture,,46.33,"434,27","480,60"
,133,2011/03/17,401100,"Fournisseurs - Achats de biens et services
T.C de Versailles – depot compte 2010",T.C. Versailles paiement,46.33,,"480,60","480,60"
,137,2011/03/28,401100,"Fournisseurs - Achats de biens et services
Simply – enveloppes",Enveloppes facture,,6.3,"480,60","486,90"
,138,2011/03/28,401100,"Fournisseurs - Achats de biens et services
Simply – enveloppes",Enveloppes paiment,6.3,,"486,90","486,90"
,144,2011/04/03,401100,"Fournisseurs - Achats de biens et services
Carte intégrale avril 2011 - RATP",RATP_M4_2011 facture,,101.13,"486,90","588,03"
,145,2011/04/03,401100,Fournisseurs - Achats de biens et services Carte intégrale avril 2011 - RATP,RATP_M4_2011 paiement,101.13,,"588,03","588,03"
,149,2011/04/05,401100,"Fournisseurs - Achats de biens et services
Frais tenue de compte HSBC avril_2011",HSBC_M4_2011 facture,,23.92,"588,03","611,95"
,150,2011/04/05,401100,"Fournisseurs - Achats de biens et services
Frais tenue de compte HSBC avril_2011",HSBC_M4_2011 service paiement,20,,"608,03","611,95"
,152,2011/04/05,401100,"Fournisseurs - Achats de biens et services
Frais tenue de compte HSBC avril_2011",HSBC_M4_2011 TVA paiement,3.92,,"611,95","611,95"
,171,2011/04/18,401100,"Fournisseurs - Achats de biens et services
La Poste - achat de timbres",POSTE 3 facture,,17.54,"611,95","629,49"
,172,2011/04/18,401100,"Fournisseurs - Achats de biens et services
La Poste - achat de timbres",POSTE 3 paiement,17.54,,"629,49","629,49"
,182,2011/05/03,401100,"Fournisseurs - Achats de biens et services
Carte intégrale mai 2011 - RATP",RATP_M5_2011 facture,,101.13,"629,49","730,62"
,183,2011/05/03,401100,Fournisseurs - Achats de biens et services Carte intégrale mai 2011 - RATP,RATP_M5_2011 paiement,101.13,,"730,62","730,62"
,189,2011/05/05,401100,"Fournisseurs - Achats de biens et services
Frais tenue de compte HSBC mai_2011",HSBC_M5_2011 facture,,23.92,"730,62","754,54"
,190,2011/05/05,401100,"Fournisseurs - Achats de biens et services
Frais tenue de compte HSBC mai_2011",HSBC_M5_2011 service paiement,20,,"750,62","754,54"
,192,2011/05/05,401100,"Fournisseurs - Achats de biens et services
Frais tenue de compte HSBC mai_2011",HSBC_M5_2011 TVA paiement,3.92,,"754,54","754,54"
,214,2011/05/09,401100,"Fournisseurs - Achats de biens et services
FNAC - matériel",ASUS EEE PC – facture,,319,"754,54","1073,54"
,215,2011/05/09,401100,"Fournisseurs - Achats de biens et services
FNAC - matériel",ASUS EEE PC – paiement,319,,"1073,54","1073,54"
,219,2011/05/09,401100,"Fournisseurs - Achats de biens et services
Décathlon - matériel",Sac – facture,,29.95,"1073,54","1103,49"
,220,2011/05/09,401100,"Fournisseurs - Achats de biens et services
Décathlon - matériel",Sac – paiement,29.95,,"1103,49","1103,49"
,224,2011/05/30,401100,"Fournisseurs - Achats de biens et services
Gd Cercle Développement Systeme sous Linux",Livres  (Linux system)  – facture,,45,"1103,49","1148,49"
,225,2011/05/30,401100,"Fournisseurs - Achats de biens et services
Gd Cercle Développement Systeme sous Linux",Livres  (Linux system)  – paiement,45,,"1148,49","1148,49"
,231,2011/06/01,401100,"Fournisseurs - Achats de biens et services
Carte intégrale juin 2011 - RATP",RATP_M6_2011 facture,,101.2,"1148,49","1249,69"
,232,2011/06/01,401100,Fournisseurs - Achats de biens et services Carte intégrale juin 2011 - RATP,RATP_M6_2011 paiement,101.2,,"1249,69","1249,69"
,236,2011/06/05,401100,"Fournisseurs - Achats de biens et services
Frais tenue de compte HSBC juin_2011",HSBC_M6_2011 facture,,23.92,"1249,69","1273,61"
,237,2011/06/05,401100,"Fournisseurs - Achats de biens et services
Frais tenue de compte HSBC juin_2011",HSBC_M6_2011 service paiement,20,,"1269,69","1273,61"
,239,2011/06/05,401100,"Fournisseurs - Achats de biens et services
Frais tenue de compte HSBC juin_2011",HSBC_M6_2011 TVA paiement,3.92,,"1273,61","1273,61"
,252,2011/06/06,401100,"Fournisseurs - Achats de biens et services
La Poste - achat de timbres",POSTE 4 facture,,4.4,"1273,61","1278,01"
,253,2011/06/06,401100,"Fournisseurs - Achats de biens et services
La Poste - achat de timbres",POSTE 4 paiement,4.4,,"1278,01","1278,01"
,264,2011/07/05,401100,"Fournisseurs - Achats de biens et services
Frais tenue de compte HSBC juillet_2011",HSBC_M7_2011 facture,,23.92,"1278,01","1301,93"
,265,2011/07/05,401100,"Fournisseurs - Achats de biens et services
Frais tenue de compte HSBC juillet_2011",HSBC_M7_2011 service paiement,20,,"1298,01","1301,93"
,267,2011/07/05,401100,"Fournisseurs - Achats de biens et services
Frais tenue de compte HSBC juillet_2011",HSBC_M7_2011 TVA paiement,3.92,,"1301,93","1301,93"
,287,2011/08/03,401100,"Fournisseurs - Achats de biens et services
Carte intégrale août 2011 - RATP",RATP_M8_2011 facture,,101.13,"1301,93","1403,06"
,288,2011/08/03,401100,Fournisseurs - Achats de biens et services Carte intégrale août 2011 - RATP,RATP_M8_2011 paiement,101.13,,"1403,06","1403,06"
,292,2011/08/05,401100,"Fournisseurs - Achats de biens et services
Frais tenue de compte HSBC août_2011",HSBC_M8_2011 facture,,23.92,"1403,06","1426,98"
,293,2011/08/05,401100,"Fournisseurs - Achats de biens et services
Frais tenue de compte HSBC août_2011",HSBC_M8_2011 service paiement,20,,"1423,06","1426,98"
,295,2011/08/05,401100,"Fournisseurs - Achats de biens et services
Frais tenue de compte HSBC août_2011",HSBC_M8_2011 TVA paiement,3.92,,"1426,98","1426,98"
,319,2011/09/03,401100,"Fournisseurs - Achats de biens et services
Carte intégrale septembre 2011 - RATP",RATP_M9_2011 facture,,101.13,"1426,98","1528,11"
,320,2011/09/03,401100,Fournisseurs - Achats de biens et services Carte intégrale septembre 2011 - RATP,RATP_M9_2011 paiement,101.13,,"1528,11","1528,11"
,324,2011/09/05,401100,"Fournisseurs - Achats de biens et services
Frais tenue de compte HSBC septembre_2011",HSBC_M9_2011 facture,,23.92,"1528,11","1552,03"
,325,2011/09/05,401100,"Fournisseurs - Achats de biens et services
Frais tenue de compte HSBC septembre_2011",HSBC_M9_2011 service paiement,20,,"1548,11","1552,03"
,327,2011/09/05,401100,"Fournisseurs - Achats de biens et services
Frais tenue de compte HSBC septembre_2011",HSBC_M9_2011 TVA paiement,3.92,,"1552,03","1552,03"
,343,2011/10/03,401100,"Fournisseurs - Achats de biens et services
Carte intégrale octobre 2011 - RATP",RATP_M10_2011 facture,,101.13,"1552,03","1653,16"
,344,2011/10/03,401100,Fournisseurs - Achats de biens et services Carte intégrale octobre 2011 - RATP,RATP_M10_2011 paiement,101.13,,"1653,16","1653,16"
,347,2011/10/03,401100,"Fournisseurs - Achats de biens et services
La Poste - achat de timbres",POSTE 5 facture,,6,"1653,16","1659,16"
,348,2011/10/03,401100,"Fournisseurs - Achats de biens et services
La Poste - achat de timbres",POSTE 5 paiement,6,,"1659,16","1659,16"
,352,2011/10/05,401100,"Fournisseurs - Achats de biens et services
Frais tenue de compte HSBC octobre_2011",HSBC_M10_2011 facture,,23.92,"1659,16","1683,08"
,353,2011/10/05,401100,"Fournisseurs - Achats de biens et services
Frais tenue de compte HSBC octobre_2011",HSBC_M10_2011 service paiement,20,,"1679,16","1683,08"
,355,2011/10/05,401100,"Fournisseurs - Achats de biens et services
Frais tenue de compte HSBC octobre_2011",HSBC_M10_2011 TVA paiement,3.92,,"1683,08","1683,08"
,379,2011/11/03,401100,"Fournisseurs - Achats de biens et services
Carte intégrale novembre 2011 - RATP",RATP_M11_2011 facture,,101.13,"1683,08","1784,21"
,380,2011/11/03,401100,Fournisseurs - Achats de biens et services Carte intégrale novembre 2011 - RATP,RATP_M11_2011 paiement,101.13,,"1784,21","1784,21"
,384,2011/11/05,401100,"Fournisseurs - Achats de biens et services
Frais tenue de compte HSBC novembre_2011",HSBC_M11_2011 facture,,23.92,"1784,21","1808,13"
,385,2011/11/05,401100,"Fournisseurs - Achats de biens et services
Frais tenue de compte HSBC novembre_2011",HSBC_M11_2011 service paiement,20,,"1804,21","1808,13"
,387,2011/11/05,401100,"Fournisseurs - Achats de biens et services
Frais tenue de compte HSBC novembre_2011",HSBC_M11_2011 TVA paiement,3.92,,"1808,13","1808,13"
,410,2011/11/29,401100,"Fournisseurs - Achats de biens et services
La Poste - achat de timbres",POSTE 6 facture,,5.7,"1808,13","1813,83"
,411,2011/11/29,401100,"Fournisseurs - Achats de biens et services
La Poste - achat de timbres",POSTE 6 paiement,5.7,,"1813,83","1813,83"
,415,2011/11/30,401100,"Fournisseurs - Achats de biens et services
Fnac – SCRUM + C++ concis et precis",Livres (SCRUM & C++) – facture,,52.5,"1813,83","1866,33"
,416,2011/11/30,401100,"Fournisseurs - Achats de biens et services 
Fnac – SCRUM + C++ concis et precis",Livres (SCRUM & C++) – paiement,52.5,,"1866,33","1866,33"
,422,2011/12/03,401100,"Fournisseurs - Achats de biens et services
Carte intégrale décembre 2011 - RATP",RATP_M12_2011 facture,,101.13,"1866,33","1967,46"
,423,2011/12/03,401100,Fournisseurs - Achats de biens et services Carte intégrale décembre 2011 - RATP,RATP_M12_2011 paiement,101.13,,"1967,46","1967,46"
,427,2011/12/05,401100,"Fournisseurs - Achats de biens et services
Frais tenue de compte HSBC décembre_2011",HSBC_M12_2011 facture,,23.92,"1967,46","1991,38"
,428,2011/12/05,401100,"Fournisseurs - Achats de biens et services
Frais tenue de compte HSBC décembre_2011",HSBC_M12_2011 service paiement,20,,"1987,46","1991,38"
,430,2011/12/05,401100,"Fournisseurs - Achats de biens et services
Frais tenue de compte HSBC décembre_2011",HSBC_M12_2011 TVA paiement,3.92,,"1991,38","1991,38"
,446,2011/12/22,401100,"Fournisseurs - Achats de biens et services
 Darty Tel portable",Tel portable – facture,,79,"1991,38","2070,38"
,447,2011/12/22,401100,"Fournisseurs - Achats de biens et services
 Darty Tel portable",tel portable – paiement,79,,"2070,38","2070,38"
,451,2011/12/24,401100,"Fournisseurs - Achats de biens et services
 Gd Cercle Langage C++",Livres (C++ Stroustrup) – facture,,43,"2070,38","2113,38"
,452,2011/12/24,401100,"Fournisseurs - Achats de biens et services Gd Cercle
 Langage C++",Livres (C++ Stroustrup) – paiement,43,,"2113,38","2113,38"
,460,2011/12/30,401100,"Fournisseurs - Achats de biens et services
 Casa bella resto de départ",Resto départ BNP – facture,,46.5,"2113,38","2159,88"
,461,2011/12/30,401100,"Fournisseurs - Achats de biens et services
 Casa Bella Resto de départ",resto départ BNP – paiement,46.5,,"2159,88","2159,88"
,467,2011/12/31,401100,"Fournisseurs - Achats de biens et services
Assurance risque d'exploitation AXA",AXA_2012 facture,,802.49,"2159,88","2962,37"
,468,2011/12/31,401100,"Fournisseurs - Achats de biens et services
Assurance risque d'exploitation AXA",AXA_2012 paiement,802.49,,"2962,37","2962,37"
Totaux,,5,401100,    Fournisseurs & Achats de biens et prestations de services,,"2962,37","2962,37"

,N°,Date,Comptes,Intitulé,Code opération,Débit,Crédit
,6,2011/01/01,411000,Clients – ventes de prestations de service,OUVERTURE 2011,17612.3,,"17612,3","0,000"
,36,2011/01/05,411000,"Clients- ventes de prestations de service
Règlement MOZILLA Facture n°11 - prestations de novembre_2010",MOZILLA_M11_2010 paiement,,9520.16,"17612,3","9520,16"
,60,2011/01/31,411000,Clientes – ventes de prestations de service Facture MOZILLA n°13 – prestations de janvier_2011,MOZILLA_M13,10171.98,,"27784,28","9520,16"
,73,2011/02/05,411000,"Clients- ventes de prestations de service 
Règlement MOZILLA Facture n°12 - prestations de décembre_2010",MOZILLA_M12_2010 paiement,,8092.14,"27784,28","17612,30"
,88,2011/02/28,411000,Clientes – ventes de prestations de service Facture MOZILLA n°14 – prestations de février_2011,MOZILLA_M14,4843.80,,"32628,08","17612,30"
,100,2011/03/05,411000,"Clients- ventes de prestations de service
Règlement MOZILLA Facture n°13 - prestations de janvier_2011",MOZILLA_M13_2011 paiement,,10171.980,"32628,08","27784,280"
,142,2011/03/31,411000,Clientes – ventes de prestations de service Facture MOZILLA n°15 – prestations de mars_2011,MOZILLA_M15,11140.74,,"43768,82","27784,280"
,154,2011/04/05,411000,"Clients- ventes de prestations de service
Règlement MOZILLA Facture n°14 - prestations de février_2011",MOZILLA_M14_2011 paiement,,4843.800,"43768,82","32628,080"
,180,2011/04/30,411000,Clientes – ventes de prestations de service Facture MOZILLA n°16 – prestations de avril_2011,MOZILLA_M16,9687.60,,"53456,42","32628,080"
,202,2011/05/05,411000,"Clients- ventes de prestations de service
Règlement MOZILLA Facture n°15 - prestations de mars_2011",MOZILLA_M15_2011 paiement,,11140.740,"53456,42","43768,820"
,229,2011/05/31,411000,Clientes – ventes de prestations de service Facture MOZILLA n°17 – prestations de mai_2011,MOZILLA_M17,10656.36,,"64112,78","43768,820"
,241,2011/06/05,411000,"Clients- ventes de prestations de service
Règlement MOZILLA Facture n°16 - prestations de avril_2011",MOZILLA_M16_2011 paiement,,9687.600,"64112,78","53456,420"
,261,2011/06/30,411000,Clientes – ventes de prestations de service Facture MOZILLA n°18 – prestations de juin_2011,MOZILLA_M18,9687.60,,"73800,38","53456,420"
,269,2011/07/05,411000,"Clients- ventes de prestations de service
Règlement MOZILLA Facture n°17 - prestations de mai_2011",MOZILLA_M17_2011 paiement,,10656.360,"73800,38","64112,780"
,285,2011/07/31,411000,Clientes – ventes de prestations de service Facture MOZILLA n°19 – prestations de juillet_2011,MOZILLA_M19,6296.94,,"80097,32","64112,780"
,305,2011/08/05,411000,"Clients- ventes de prestations de service
Règlement MOZILLA Facture n°18 - prestations de juin_2011",MOZILLA_M18_2011 paiement,,9687.600,"80097,32","73800,380"
,317,2011/08/31,411000,Clientes – ventes de prestations de service Facture MOZILLA n°20 – prestations de août_2011,MOZILLA_M20,10656.36,,"90753,68","73800,380"
,329,2011/09/05,411000,"Clients- ventes de prestations de service
Règlement MOZILLA Facture n°19 - prestations de juillet_2011",MOZILLA_M19_2011 paiement,,6296.940,"90753,68","80097,320"
,341,2011/09/30,411000,Clientes – ventes de prestations de service Facture MOZILLA n°21 – prestations de septembre_2011,MOZILLA_M21,5812.56,,"96566,24","80097,320"
,357,2011/10/05,411000,"Clients- ventes de prestations de service
Règlement MOZILLA Facture n°20 - prestations de août_2011",MOZILLA_M20_2011 paiement,,10656.360,"96566,24","90753,680"
,377,2011/10/31,411000,Clientes – ventes de prestations de service Facture MOZILLA n°22 – prestations de octobre_2011,MOZILLA_M22,10171.98,,"106738,22","90753,680"
,420,2011/11/30,411000,Clientes – ventes de prestations de service Facture MOZILLA n°23 – prestations de novembre_2011,MOZILLA_M23,9687.60,,"116425,82","90753,680"
,432,2011/12/05,411000,"Clients- ventes de prestations de service
Règlement MOZILLA Facture n°22 - prestations de octobre_2011",MOZILLA_M22_2011 paiement,,10171.980,"116425,82","100925,660"
,474,2011/12/31,411000,Clientes – ventes de prestations de service Facture MOZILLA n°24 – prestations de décembre_2011 -erreur facture,MOZILLA_M24 – erreur,484.38,,"116910,20","100925,660"
,477,2011/12/31,411000,Clientes – ventes de prestations de service Facture MOZILLA n°24 – prestations de décembre_2011,MOZILLA_M24,8234.46,,"125144,66","100925,660"
Totaux,,6,411000,Clients,,"125144,66","100925,660"

,N°,Date,Comptes,Intitulé,Code opération,Débit,Crédit
,7,2011/01/01,421000,Exploitant - rémunération due,OUVERTURE 2011,,0,"0,000","0,000"
,25,2011/01/04,421000,"Exploitant - rémunération due
Rémunération pour frais de repas",FOOD_M1_2011 IN,,244.13,"0,000","244,13"
,26,2011/01/04,421000,"Exploitant - rémunération due
Rémunération pour frais de repas",FOOD_M1_2011 OUT,244.13,,"244,13","244,13"
,38,2011/01/06,421000,"Exploitant - rémunération due
Rémunération_Gérant_M1_2011",GERANT_M1_2011,,4198.2,"244,13","4442,33"
,39,2011/01/06,421000,"Exploitant - rémunération due
Cotisations rémunération_Gérant_M1_2011",GERANT_M1_2011 cotisations sociales,947.19,,"1191,32","4442,33"
,43,2011/01/06,421000,"Banque
Rémunération_Gérant_M1_2011",GERANT_M1_2011 salaire,4380,,"5571,32","4442,33"
,75,2011/02/06,421000,"Exploitant - rémunération due
Rémunération_Gérant_M2_2011",GERANT_M2_2011,,4198.2,"5571,32","8640,53"
,76,2011/02/06,421000,"Exploitant - rémunération due
Cotisations rémunération_Gérant_M2_2011",GERANT_M2_2011 cotisations sociales,947.19,,"6518,51","8640,53"
,80,2011/02/06,421000,"Exploitant - rémunération due
Rémunération_Gérant_M2_2011",GERANT_M2_2011 salaire,3200,,"9718,51","8640,53"
,103,2011/03/06,421000,"Exploitant - rémunération due
Rémunération_Gérant_M3_2011",GERANT_M3_2011,,4198.2,"9718,51","12838,73"
,104,2011/03/06,421000,"Exploitant - rémunération due
Cotisations rémunération_Gérant_M3_2011",GERANT_M3_2011 cotisations sociales,947.19,,"10665,70","12838,73"
,108,2011/03/06,421000,"Exploitant - rémunération due
Rémunération_Gérant_M3_2011",GERANT_M3_2011 salaire,3200,,"13865,70","12838,73"
,157,2011/04/06,421000,"Exploitant - rémunération due
Rémunération_Gérant_M4_2011",GERANT_M4_2011,,4198.2,"13865,70","17036,93"
,158,2011/04/06,421000,"Exploitant - rémunération due
Cotisations rémunération_Gérant_M4_2011",GERANT_M4_2011 cotisations sociales,947.19,,"14812,89","17036,93"
,162,2011/04/06,421000,"Exploitant - rémunération due
Rémunération_Gérant_M4_2011",GERANT_M4_2011 salaire,3200,,"18012,89","17036,93"
,205,2011/05/06,421000,"Exploitant - rémunération due
Rémunération_Gérant_M5_2011",GERANT_M5_2011,,4198.2,"18012,89","21235,13"
,206,2011/05/06,421000,"Exploitant - rémunération due
Cotisations rémunération_Gérant_M5_2011",GERANT_M5_2011 cotisations sociales,947.19,,"18960,08","21235,13"
,210,2011/05/06,421000,"Exploitant - rémunération due
Rémunération_Gérant_M5_2011",GERANT_M5_2011 salaire,3200,,"22160,08","21235,13"
,244,2011/06/06,421000,"Exploitant - rémunération due
Rémunération_Gérant_M6_2011",GERANT_M6_2011,,4198.2,"22160,08","25433,33"
,245,2011/06/06,421000,"Exploitant - rémunération due
Cotisations rémunération_Gérant_M6_2011",GERANT_M6_2011 cotisations sociales,947.19,,"23107,27","25433,33"
,249,2011/06/06,421000,"Exploitant - rémunération due
Rémunération_Gérant_M6_2011",GERANT_M6_2011 salaire,3200,,"26307,27","25433,33"
,272,2011/07/06,421000,"Exploitant - rémunération due
Rémunération_Gérant_M7_2011",GERANT_M7_2011,,4198.2,"26307,27","29631,53"
,273,2011/07/06,421000,"Exploitant - rémunération due
Cotisations rémunération_Gérant_M7_2011",GERANT_M7_2011 cotisations sociales,947.19,,"27254,46","29631,53"
,277,2011/07/06,421000,"Exploitant - rémunération due
Rémunération_Gérant_M7_2011",GERANT_M7_2011 salaire,3200,,"30454,46","29631,53"
,308,2011/08/06,421000,"Exploitant - rémunération due
Rémunération_Gérant_M8_2011",GERANT_M8_2011,,4198.2,"30454,46","33829,73"
,309,2011/08/06,421000,"Exploitant - rémunération due
Cotisations rémunération_Gérant_M8_2011",GERANT_M8_2011 cotisations sociales,947.19,,"31401,65","33829,73"
,313,2011/08/06,421000,"Exploitant - rémunération due
Rémunération_Gérant_M8_2011",GERANT_M8_2011 salaire,3200,,"34601,65","33829,73"
,332,2011/09/06,421000,"Exploitant - rémunération due
Rémunération_Gérant_M9_2011",GERANT_M9_2011,,4198.2,"34601,65","38027,93"
,333,2011/09/06,421000,"Exploitant - rémunération due
Cotisations rémunération_Gérant_M9_2011",GERANT_M9_2011 cotisations sociales,947.19,,"35548,84","38027,93"
,337,2011/09/06,421000,"Exploitant - rémunération due
Rémunération_Gérant_M9_2011",GERANT_M9_2011 salaire,3200,,"38748,84","38027,93"
,360,2011/10/06,421000,"Exploitant - rémunération due
Rémunération_Gérant_M10_2011",GERANT_M10_2011,,4198.2,"38748,84","42226,13"
,361,2011/10/06,421000,"Exploitant - rémunération due
Cotisations rémunération_Gérant_M10_2011",GERANT_M10_2011 cotisations sociales,947.19,,"39696,03","42226,13"
,365,2011/10/06,421000,"Exploitant - rémunération due
Rémunération_Gérant_M10_2011",GERANT_M10_2011 salaire,3200,,"42896,03","42226,13"
,398,2011/11/06,421000,"Exploitant - rémunération due
Rémunération_Gérant_M11_2011",GERANT_M11_2011,,4198.2,"42896,03","46424,33"
,399,2011/11/06,421000,"Exploitant - rémunération due
Cotisations rémunération_Gérant_M11_2011",GERANT_M11_2011 cotisations sociales,947.19,,"43843,22","46424,33"
,403,2011/11/06,421000,"Exploitant - rémunération due
Rémunération_Gérant_M11_2011",GERANT_M11_2011 salaire,3200,,"47043,22","46424,33"
,435,2011/12/06,421000,"Exploitant - rémunération due
Rémunération_Gérant_M12_2011",GERANT_M12_2011,,4198.2,"47043,22","50622,53"
,436,2011/12/06,421000,"Exploitant - rémunération due
Cotisations rémunération_Gérant_M12_2011",GERANT_M12_2011 cotisations sociales,947.19,,"47990,41","50622,53"
,440,2011/12/06,421000,"Exploitant - rémunération due
Rémunération_Gérant_M12_2011",GERANT_M12_2011 salaire,3200,,"51190,41","50622,53"
Totaux,,7,421000,Personnel & Rémunérations dues,,"51190,41","50622,53"

,N°,Date,Comptes,Intitulé,Code opération,Débit,Crédit
,8,2011/01/01,428600,Autres charges à payer,OUVERTURE 2011,,0,"0,000","0,000"
Totaux,,8,428600,    Autres charges à payer,,"0,000","0,000"

,N°,Date,Comptes,Intitulé,Code opération,Débit,Crédit
,9,2011/01/01,431000,Sécurité sociale RSI,OUVERTURE 2011,,2681.66,"0,000","2681,66"
,40,2011/01/06,431000,"Sécurité sociale
Cotisations RSI rémunération_Gérant_M1_2011",GERANT_M1_2011 cotisations sociales,,192.45,"0,000","2874,11"
,50,2011/01/18,431000,Sécurité Sociale Règlement acompte RSI AM 2011,RSI_AC_T1_2011 facture,,171,"0,000","3045,11"
,51,2011/01/18,431000,Sécurité Sociale Règlement acompte RSI AM T1 2011,RSI_AC_T1_2011 paiement,171,,"171,000","3045,11"
,77,2011/02/06,431000,"Sécurité sociale
Cotisations RSI rémunération_Gérant_M2_2011",GERANT_M2_2011 cotisations sociales,,192.45,"171,000","3237,56"
,105,2011/03/06,431000,"Sécurité sociale
Cotisations RSI rémunération_Gérant_M3_2011",GERANT_M3_2011 cotisations sociales,,192.45,"171,000","3430,01"
,159,2011/04/06,431000,"Sécurité sociale
Cotisations RSI rémunération_Gérant_M4_2011",GERANT_M4_2011 cotisations sociales,,192.45,"171,000","3622,46"
,195,2011/05/05,431000,"Sécurité Sociale
Règlement acompte RSI AM T2 2011",RSI_AC_T2_2011 facture,,171,"171,000","3793,46"
,196,2011/05/05,431000,Sécurité Sociale Règlement acompte RSI AM T2 2011,RSI_AC_T2_2011 paiement,171,,"342,000","3793,46"
,207,2011/05/06,431000,"Sécurité sociale
Cotisations RSI rémunération_Gérant_M5_2011",GERANT_M5_2011 cotisations sociales,,192.45,"342,000","3985,91"
,246,2011/06/06,431000,"Sécurité sociale
Cotisations RSI rémunération_Gérant_M6_2011",GERANT_M6_2011 cotisations sociales,,192.45,"342,000","4178,36"
,274,2011/07/06,431000,"Sécurité sociale
Cotisations RSI rémunération_Gérant_M7_2011",GERANT_M7_2011 cotisations sociales,,192.45,"342,000","4370,81"
,302,2011/08/05,431000,Sécurité Sociale Règlement acompte RSI AM T3 2011,RSI_AC_T3_2011 facture,,171,"342,000","4541,81"
,303,2011/08/05,431000,Sécurité Sociale Règlement acompte RSI AM T3 2011,RSI_AC_T3_2011 paiement,171,,"513,000","4541,81"
,310,2011/08/06,431000,"Sécurité sociale
Cotisations RSI rémunération_Gérant_M8_2011",GERANT_M8_2011 cotisations sociales,,192.45,"513,000","4734,26"
,334,2011/09/06,431000,"Sécurité sociale
Cotisations RSI rémunération_Gérant_M9_2011",GERANT_M9_2011 cotisations sociales,,192.45,"513,000","4926,71"
,362,2011/10/06,431000,"Sécurité sociale
Cotisations RSI rémunération_Gérant_M10_2011",GERANT_M10_2011 cotisations sociales,,192.45,"513,000","5119,16"
,390,2011/11/05,431000,Sécurité Sociale Règlement acompte RSI AM T4 2011,RSI_AC_T4_2011 facture,,2672,"513,000","7791,16"
,391,2011/11/05,431000,Sécurité Sociale Règlement acompte RSI AM T4 2011,RSI_AC_T4_2011 paiement,2672,,"3185,000","7791,16"
,400,2011/11/06,431000,"Sécurité sociale
Cotisations RSI rémunération_Gérant_M11_2011",GERANT_M11_2011 cotisations sociales,,192.45,"3185,000","7983,61"
,437,2011/12/06,431000,"Sécurité sociale
Cotisations RSI rémunération_Gérant_M12_2011",GERANT_M12_2011 cotisations sociales,,192.45,"3185,000","8176,06"
Totaux,,9,431000,Sécurité sociale,,"3185,000","8176,06"

,N°,Date,Comptes,Intitulé,Code opération,Débit,Crédit
,10,2011/01/01,437010,"Autres organismes sociaux
Cotisations Ursaaf",OUVERTURE 2011,,6820.54,"0,000","6820,54"
,41,2011/01/06,437010,"Autres organismes sociaux
Cotisations Ursaaf – rémunération_Gérant_M1_2011",GERANT_M1_2011 cotisations sociales,,446.92,"0,000","7267,46"
,78,2011/02/06,437010,"Autres organismes sociaux
Cotisations Ursaaf – rémunération_Gérant_M2_2011",GERANT_M2_2011 cotisations sociales,,446.92,"0,000","7714,38"
,83,2011/02/07,437010,"Cotisations aux autres organismes sociaux
Règlement 1er acompte URSAAF 2011",URSAAF_AC_1 facture,,404,"0,000","8118,38"
,84,2011/02/07,437010,"Cotisations aux autres organismes sociaux
Règlement 1er acompte URSAAF 2011",URSAAF_AC_1 paiement,404,,"404,000","8118,38"
,106,2011/03/06,437010,"Autres organismes sociaux
Cotisations Ursaaf – rémunération_Gérant_M3_2011",GERANT_M3_2011 cotisations sociales,,446.92,"404,000","8565,30"
,160,2011/04/06,437010,"Autres organismes sociaux
Cotisations Ursaaf – rémunération_Gérant_M4_2011",GERANT_M4_2011 cotisations sociales,,446.92,"404,000","9012,22"
,199,2011/05/05,437010,"Cotisations aux autres organismes sociaux
Règlement 2eme acompte URSAAF 2011",URSAAF_AC_2 facture,,352,"404,000","9364,22"
,200,2011/05/05,437010,"Cotisations aux autres organismes sociaux
Règlement 2eme acompte URSAAF 2011",URSAAF_AC_2 paiement,352,,"756,000","9364,22"
,208,2011/05/06,437010,"Autres organismes sociaux
Cotisations Ursaaf – rémunération_Gérant_M5_2011",GERANT_M5_2011 cotisations sociales,,446.92,"756,000","9811,14"
,247,2011/06/06,437010,"Autres organismes sociaux
Cotisations Ursaaf – rémunération_Gérant_M6_2011",GERANT_M6_2011 cotisations sociales,,446.92,"756,000","10258,06"
,275,2011/07/06,437010,"Autres organismes sociaux
Cotisations Ursaaf – rémunération_Gérant_M7_2011",GERANT_M7_2011 cotisations sociales,,446.92,"756,000","10704,98"
,298,2011/08/05,437010,"Cotisations aux autres organismes sociaux
Règlement 3eme acompte URSAAF 2011",URSAAF_AC_3 facture,,352,"756,000","11056,98"
,299,2011/08/05,437010,Cotisations aux autres organismes sociaux Règlement 3eme acompte URSAAF 2011,URSAAF_AC_3 paiement,352,,"1108,000","11056,98"
,311,2011/08/06,437010,"Autres organismes sociaux
Cotisations Ursaaf – rémunération_Gérant_M8_2011",GERANT_M8_2011 cotisations sociales,,446.92,"1108,000","11503,90"
,335,2011/09/06,437010,"Autres organismes sociaux
Cotisations Ursaaf – rémunération_Gérant_M9_2011",GERANT_M9_2011 cotisations sociales,,446.92,"1108,000","11950,82"
,363,2011/10/06,437010,"Autres organismes sociaux
Cotisations Ursaaf – rémunération_Gérant_M10_2011",GERANT_M10_2011 cotisations sociales,,446.92,"1108,000","12397,74"
,394,2011/11/05,437010,Cotisations aux autres organismes sociaux Règlement 4eme acompte URSAAF 2011,URSAAF_AC_4 facture,,5823,"1108,000","18220,74"
,395,2011/11/05,437010,Cotisations aux autres organismes sociaux Règlement 4eme acompte URSAAF 2011,URSAAF_AC_4 paiement,5823,,"6931,000","18220,74"
,401,2011/11/06,437010,"Autres organismes sociaux
Cotisations Ursaaf – rémunération_Gérant_M11_2011",GERANT_M11_2011 cotisations sociales,,446.92,"6931,000","18667,66"
,438,2011/12/06,437010,"Autres organismes sociaux
Cotisations Ursaaf – rémunération_Gérant_M12_2011",GERANT_M12_2011 cotisations sociales,,446.92,"6931,000","19114,58"
Totaux,,10,437010,Autres organismes sociaux,,"6931,000","19114,58"

,N°,Date,Comptes,Intitulé,Code opération,Débit,Crédit
,11,2011/01/01,437020,Cotisations aux autres organismes sociaux-CIPAV,OUVERTURE 2011,,4870.8,"0,000","4870,8"
,42,2011/01/06,437020,"Autres organismes sociaux
Cotisations CIPAV – rémunération_Gérant_M1_2011",GERANT_M1_2011 cotisations sociales,,307.82,"0,000","5178,62"
,79,2011/02/06,437020,"Autres organismes sociaux
Cotisations CIPAV – rémunération_Gérant_M2_2011",GERANT_M2_2011 cotisations sociales,,307.82,"0,000","5486,44"
,107,2011/03/06,437020,"Autres organismes sociaux
Cotisations CIPAV – rémunération_Gérant_M3_2011",GERANT_M3_2011 cotisations sociales,,307.82,"0,000","5794,26"
,161,2011/04/06,437020,"Autres organismes sociaux
Cotisations CIPAV – rémunération_Gérant_M4_2011",GERANT_M4_2011 cotisations sociales,,307.82,"0,000","6102,08"
,209,2011/05/06,437020,"Autres organismes sociaux
Cotisations CIPAV – rémunération_Gérant_M5_2011",GERANT_M5_2011 cotisations sociales,,307.82,"0,000","6409,90"
,248,2011/06/06,437020,"Autres organismes sociaux
Cotisations CIPAV – rémunération_Gérant_M6_2011",GERANT_M6_2011 cotisations sociales,,307.82,"0,000","6717,72"
,256,2011/06/15,437020,Cotisations aux autres organismes sociaux Règlement 1er acompte CIPAV 2011,CIPAV1 facture,,1036,"0,000","7753,72"
,257,2011/06/15,437020,Cotisations aux autres organismes sociaux Règlement 1er acompte CIPAV 2011,CIPAV1 paiement,1036,,"1036,000","7753,72"
,276,2011/07/06,437020,"Autres organismes sociaux
Cotisations CIPAV – rémunération_Gérant_M7_2011",GERANT_M7_2011 cotisations sociales,,307.82,"1036,000","8061,54"
,312,2011/08/06,437020,"Autres organismes sociaux
Cotisations CIPAV – rémunération_Gérant_M8_2011",GERANT_M8_2011 cotisations sociales,,307.82,"1036,000","8369,36"
,336,2011/09/06,437020,"Autres organismes sociaux
Cotisations CIPAV – rémunération_Gérant_M9_2011",GERANT_M9_2011 cotisations sociales,,307.82,"1036,000","8677,18"
,364,2011/10/06,437020,"Autres organismes sociaux
Cotisations CIPAV – rémunération_Gérant_M10_2011",GERANT_M10_2011 cotisations sociales,,307.82,"1036,000","8985,00"
,402,2011/11/06,437020,"Autres organismes sociaux
Cotisations CIPAV – rémunération_Gérant_M11_2011",GERANT_M11_2011 cotisations sociales,,307.82,"1036,000","9292,82"
,406,2011/11/15,437020,Cotisations aux autres organismes sociaux Règlement 2nd acompte CIPAV 2011,CIPAV2 facture,,1036,"1036,000","10328,82"
,407,2011/11/15,437020,Cotisations aux autres organismes sociaux Règlement 2nd acompte CIPAV 2011,CIPAV2 paiement,1036,,"2072,000","10328,82"
,439,2011/12/06,437020,"Autres organismes sociaux
Cotisations CIPAV – rémunération_Gérant_M12_2011",GERANT_M12_2011 cotisations sociales,,307.82,"2072,000","10636,64"
Totaux,,11,437020,Autres organismes sociaux,,"2072,000","10636,64"

,N°,Date,Comptes,Intitulé,Code opération,Débit,Crédit
,126,2011/03/16,444000,Etat-Imot sur les bénéfices,IS 1er acompte 2011 facture,,997,"0,000","997,000"
,127,2011/03/16,444000,Etat-Imot sur les bénéfices,IS 1er acompte 2011 paiement,997,,"997,000","997,000"
,165,2011/04/08,444000,Etat-Imot sur les bénéfices,IS 2010 facture,,3989,"997,000","4986,000"
,166,2011/04/08,444000,Etat-Imot sur les bénéfices,IS_2010 paiement,3989,,"4986,000","4986,000"
,455,2011/12/29,444000,Etat-Imot sur les bénéfices,IS acompte 2&3 2011 facture,,1994,"4986,000","6980,000"
,456,2011/12/29,444000,Etat-Imot sur les bénéfices,IS acompte 2&3 2011 paiement,1994,,"6980,000","6980,000"
Totaux,,12,444000,Etat & Impôts sur les bénéfices,,"6980,000","6980,000"

,N°,Date,Comptes,Intitulé,Code opération,Débit,Crédit
,12,2011/01/01,445660,TVA déductible,OUVERTURE 2011,187.5,,"187,5","0,000"
,29,2011/01/05,445660,TVA déductible TVA déductible sur frais tenue de compte HSBC janvier_2011,HSBC_M1_2011 facture,3.92,,"191,42","0,000"
,53,2011/01/19,445660,"TVA déductible 
Tribunal de Commerce: paraffage livre d'inventaire",CHARGES GESTION facture,0.61,,"192,03","0,000"
,66,2011/02/05,445660,TVA déductible TVA déductible sur frais tenue de compte HSBC février_2011,HSBC_M2_2011 facture,3.92,,"195,95","0,000"
,94,2011/03/05,445660,TVA déductible TVA déductible sur frais tenue de compte HSBC mars_2011,HSBC_M3_2011 facture,3.92,,"199,87","0,000"
,117,2011/03/10,445660,"TVA déductible 
Surcouf -cartouches imprimante (19.6)",Cartouches facture,5.9,,"205,77","0,000"
,130,2011/03/17,445660,TVA déductible  T.C de Versailles – depot compte 2010,T.C. Versailles facture,2.91,,"208,68","0,000"
,136,2011/03/28,445660,"TVA déductible 
Simply – enveloppes (19.6)",Enveloppes facture,1.04,,"209,72","0,000"
,148,2011/04/05,445660,TVA déductible TVA déductible sur frais tenue de compte HSBC avril_2011,HSBC_M4_2011 facture,3.92,,"213,64","0,000"
,188,2011/05/05,445660,TVA déductible TVA déductible sur frais tenue de compte HSBC mai_2011,HSBC_M5_2011 facture,3.92,,"217,56","0,000"
,213,2011/05/09,445660,"TVA déductible 
FNAC - matériel",ASUS EEE PC – facture,62.524,,"280,084","0,000"
,218,2011/05/09,445660,"TVA déductible 
Décathlon - matériel",Sac – facture,5.87,,"285,954","0,000"
,223,2011/05/30,445660,"TVA déductible 
Gd Cercle – Développement Systeme sous Linux (5,5)",TVA livres  (Linux system)  – facture,2.475,,"288,429","0,000"
,235,2011/06/05,445660,TVA déductible TVA déductible sur frais tenue de compte HSBC juin_2011,HSBC_M6_2011 facture,3.92,,"292,349","0,000"
,263,2011/07/05,445660,TVA déductible TVA déductible sur frais tenue de compte HSBC juillet_2011,HSBC_M7_2011 facture,3.92,,"296,269","0,000"
,291,2011/08/05,445660,TVA déductible TVA déductible sur frais tenue de compte HSBC août_2011,HSBC_M8_2011 facture,3.92,,"300,189","0,000"
,323,2011/09/05,445660,TVA déductible TVA déductible sur frais tenue de compte HSBC septembre_2011,HSBC_M9_2011 facture,3.92,,"304,109","0,000"
,351,2011/10/05,445660,TVA déductible TVA déductible sur frais tenue de compte HSBC octobre_2011,HSBC_M10_2011 facture,3.92,,"308,029","0,000"
,383,2011/11/05,445660,TVA déductible TVA déductible sur frais tenue de compte HSBC novembre_2011,HSBC_M11_2011 facture,3.92,,"311,949","0,000"
,414,2011/11/30,445660,"TVA déductible 
Fnac – SCRUM + C++ concis et precis (5,5)",TVA livres (SCRUM & C++) – facture,2.74,,"314,689","0,000"
,426,2011/12/05,445660,TVA déductible TVA déductible sur frais tenue de compte HSBC décembre_2011,HSBC_M12_2011 facture,3.92,,"318,609","0,000"
,445,2011/12/22,445660,"TVA déductible 
darty – tel portable (19,6)",TVA tel portable – facture,12.95,,"331,559","0,000"
,450,2011/12/24,445660,"TVA déductible 
Gd Cercle – Langage C++ (5,5)",TVA livres (C++ Stroustrup) – facture,2.24,,"333,799","0,000"
,459,2011/12/30,445660,"TVA déductible 
Resto casa bella (5,5)",TVA resto départ BNP – facture,9.11,,"342,909","0,000"
,466,2011/12/31,445660,"TVA déductible
TVA déductible sur prime d'assurance AXA",AXA_2012 facture,66.29,,"409,199","0,000"
Totaux,,13,445660,Taxes sur le chiffre d'affaires déductibles,,"409,199","0,000"

,N°,Date,Comptes,Intitulé,Code opération,Débit,Crédit
,13,2011/01/01,445710,TVA collectée,OUVERTURE 2011,,3036.88,"0,000","3036,88"
,59,2011/01/31,445710,"TVA collectée
Facture MOZILLA n°13 – prestations de janvier_2011",MOZILLA_M13,,1666.980,"0,000","4703,860"
,87,2011/02/28,445710,"TVA collectée
Facture MOZILLA n°14 – prestations de février_2011",MOZILLA_M14,,793.800,"0,000","5497,660"
,141,2011/03/31,445710,"TVA collectée
Facture MOZILLA n°15 – prestations de mars_2011",MOZILLA_M15,,1825.740,"0,000","7323,400"
,168,2011/04/16,445710,"TVA collectée
TVA collectée solde 2010",TVA CA4 solde 2010 facture,2849,,"2849,000","7323,400"
,174,2011/04/21,445710,"TVA collectée
TVA collectée 1er trimestre 2011",TVA CA4 T1_2011 facture,1641,,"4490,000","7323,400"
,179,2011/04/30,445710,"TVA collectée
Facture MOZILLA n°16 – prestations de avril_2011",MOZILLA_M16,,1587.600,"4490,000","8911,000"
,228,2011/05/31,445710,"TVA collectée
Facture MOZILLA n°17 – prestations de mai_2011",MOZILLA_M17,,1746.360,"4490,000","10657,360"
,260,2011/06/30,445710,"TVA collectée
Facture MOZILLA n°18 – prestations de juin_2011",MOZILLA_M18,,1587.600,"4490,000","12244,960"
,279,2011/07/26,445710,"TVA collectée
TVA collectée T3 2011",TVA CA4 T2_2011 – facture,4487,,"8977,000","12244,960"
,284,2011/07/31,445710,"TVA collectée
Facture MOZILLA n°19 – prestations de juillet_2011",MOZILLA_M19,,1031.940,"8977,000","13276,900"
,316,2011/08/31,445710,"TVA collectée
Facture MOZILLA n°20 – prestations de août_2011",MOZILLA_M20,,1746.360,"8977,000","15023,260"
,340,2011/09/30,445710,"TVA collectée
Facture MOZILLA n°21 – prestations de septembre_2011",MOZILLA_M21,,952.56,"8977,000","15975,820"
,367,2011/10/20,445710,"TVA collectée
TVA collectée T3 2011",TVA CA4 T3_2011 – facture,4487,,"13464,000","15975,820"
,371,2011/10/20,445710,"TVA collectée
TVA collectée T4 2011",TVA CA4 T4_2011 – facture,3589,,"17053,000","15975,820"
,376,2011/10/31,445710,"TVA collectée
Facture MOZILLA n°22 – prestations de octobre_2011",MOZILLA_M22,,1666.980,"17053,000","17642,800"
,419,2011/11/30,445710,"TVA collectée
Facture MOZILLA n°23 – prestations de novembre_2011",MOZILLA_M23,,1587.600,"17053,000","19230,400"
,473,2011/12/31,445710,"TVA collectée
Facture MOZILLA n°24 – prestations de décembre_2011 -erreur facture",MOZILLA_M24 – erreur,,79.38,"17053,000","19309,780"
,476,2011/12/31,445710,"TVA collectée
Facture MOZILLA n°24 – prestations de décembre_2011",MOZILLA_M24,,1349.460,"17053,000","20659,240"
Totaux,,14,445710,Taxes sur le chiffre d'affaires collectées par l'entreprise,,"17053,000","20659,240"

,N°,Date,Comptes,Intitulé,Code opération,Débit,Crédit
,14,2011/01/01,445810,Acomptes – régime simplifié d'imposition,OUVERTURE 2011,,0,"0,000","0,000"
,169,2011/04/16,445810,Acomptes – régime simplifié d'imposition solde 2010,TVA CA4 solde 2010 facture,,2849,"0,000","2849,000"
,175,2011/04/21,445810,Acomptes – régime simplifié d'imposition Acompte TVA 1er trimestre 2011,TVA CA4 T1_2011 facture,,1641,"0,000","4490,000"
,176,2011/04/21,445810,Acomptes – régime simplifié d'imposition Acompte TVA 1er trimestre 2011,TVA CA4 T1_2011 paiement,1641,,"1641,000","4490,000"
,185,2011/05/03,445810,Acomptes – régime simplifié d'imposition solde TVA 2010,TVA CA4 solde 2010 paiement,2849,,"4490,000","4490,000"
,280,2011/07/26,445810,Acomptes – régime simplifié d'imposition Acompte TVA T2 2011,TVA CA4 T2_2011 – facture,,4487,"4490,000","8977,000"
,281,2011/07/26,445810,Acomptes – régime simplifié d'imposition Acompte TVA 2ème trimestre 2011,TVA CA4 T2_2011 – paiement,4487,,"8977,000","8977,000"
,368,2011/10/20,445810,"Acomptes – régime simplifié d'imposition
 Acompte TVA T3 2011",TVA CA4 T3_2011 – facture,,4487,"8977,000","13464,000"
,369,2011/10/20,445810,"Acomptes – régime simplifié d'imposition
 Acompte TVA T3 2011",TVA CA4 T3_2011 – paiement,4487,,"13464,000","13464,000"
,372,2011/10/20,445810,"Acomptes – régime simplifié d'imposition
  Acompte TVA T4 2011",TVA CA4 T4_2011 – facture,,3589,"13464,000","17053,000"
,373,2011/10/20,445810,"Acomptes – régime simplifié d'imposition
  Acompte TVA T4 2011",TVA CA4 T4_2011 – paiement,3589,,"17053,000","17053,000"
Totaux,,15,445810,    Taxes sur le chiffre d'affaires à régulariser ou en attente,,"17053,000","17053,000"

,N°,Date,Comptes,Intitulé,Code opération,Débit,Crédit
,15,2011/01/01,448600,Etat – Charges à payer,OUVERTURE 2011,,4133.56,"0,000","4133,56"
,125,2011/03/16,448600,"Etat – Charges à payer
Cotisations à IS Règlement 1er acompte IS 2011",IS 1er acompte 2011 facture,997,,"997,000","4133,56"
,164,2011/04/08,448600,Etat – Charges à payer,IS 2010 facture,3989,,"4986,000","4133,56"
,442,2011/12/15,448600,Etat – Charges à payer,TP_2010,838,,"5824,000","4133,56"
,454,2011/12/29,448600,"Etat – Charges à payer
Cotisations à IS Règlement 1er acompte IS 2011",IS acompte 2&3 2011 facture,1994,,"7818,000","4133,56"
,471,2011/12/31,448600,Etat – Charges à payer,TaxeP_2011,,1600,"7818,000","5733,56"
,479,2011/12/31,448600,Etat-Charges à payer,IS_2011,,3434.68,"7818,000","9168,24"
Totaux,,16,448600,    Charges à payer,,"7818,000","9168,24"

,N°,Date,Comptes,Intitulé,Code opération,Débit,Crédit
,112,2011/03/07,457000,Associés-dividendes à payer,AFFECTATION DIV IN,,16200,"0,000","16200,000"
,114,2011/03/07,457000,Associés-dividendes à payer,AFFECTATION DIV OUT,16200,,"16200,000","16200,000"
Totaux,,17,457000,Associés & Dividendes à payer,,"16200,000","16200,000"

,N°,Date,Comptes,Intitulé,Code opération,Débit,Crédit
,2,2011/01/01,486000,"Charges constatées d'avance
Assurance risque d'exploitation 2011",AXA_2011,,663.4,"0,000","663,4"
,16,2011/01/01,486000,Charges constatées d'avance,OUVERTURE 2011,663.4,,"663,4","663,4"
,463,2011/12/31,486000,"Charges constatées d'avance
Assurance risque d'exploitation 2011",AXA_2012,802.49,,"1465,89","663,4"
Totaux,,18,486000,Charges constatées d'avance,,"1465,89","663,4"

,N°,Date,Comptes,Intitulé,Code opération,Débit,Crédit
,17,2011/01/01,512100,Banque,OUVERTURE 2011,27667.07,,"27667,07","0,000"
,23,2011/01/03,512100,Banque Carte intégrale janvier 2011 - RATP,RATP_M1_2011 paiement,,101.13,"27667,07","101,13"
,27,2011/01/04,512100,"Banque
Frais de mission – janvier_2011",FOOD_M1_2011 OUT,,244.13,"27667,07","345,26"
,32,2011/01/05,512100,"Banque
Frais tenue de compte HSBC janvier_2011",HSBC_M1_2011 service paiement,,20,"27667,07","365,26"
,34,2011/01/05,512100,"Banque
Frais tenue de compte HSBC janvier_2011",HSBC_M1_2011 TVA paiement,,3.92,"27667,07","369,18"
,35,2011/01/05,512100,"Banque
Règlement MOZILLA Facture n°11 - prestations de novembre_2010",MOZILLA_M11_2010 paiement,9520.16,,"37187,23","369,18"
,44,2011/01/06,512100,"Banque
Rémunération_Gérant_M1_2011",GERANT_M1_2011 salaire,,4380,"37187,23","4749,18"
,48,2011/01/10,512100,"Banque
La Poste - achat de timbres",POSTE 1 paiement,,13.92,"37187,23","4763,10"
,56,2011/01/19,512100,"Banque
Tribunal de Commerce: paraffage livre d'inventaire",CHARGES GESTION paiement,,3.11,"37187,23","4766,21"
,57,2011/01/25,512100,Banque Règlement acompte RSI AM T1 2011,RSI_AC_T1_2011 paiement,,171,"37187,23","4937,21"
,64,2011/02/03,512100,Banque Carte intégrale février 2011 - RATP,RATP_M2_2011 paiement,,101.13,"37187,23","5038,34"
,69,2011/02/05,512100,"Banque
Frais tenue de compte HSBC février_2011",HSBC_M2_2011 service paiement,,20,"37187,23","5058,34"
,71,2011/02/05,512100,"Banque
Frais tenue de compte HSBC février_2011",HSBC_M2_2011 TVA paiement,,3.92,"37187,23","5062,26"
,72,2011/02/05,512100,"Banque
Règlement MOZILLA Facture n°12 - prestations de décembre_2010",MOZILLA_M12_2010 paiement,8092.14,,"45279,37","5062,26"
,81,2011/02/06,512100,"Banque
Rémunération_Gérant_M2_2011",GERANT_M2_2011 salaire,,3200,"45279,37","8262,26"
,85,2011/02/07,512100,Banque Règlement 1er acompte URSAAF 2011,URSAAF_AC_1 paiement,,404,"45279,37","8666,26"
,92,2011/03/03,512100,Banque Carte intégrale mars 2011 - RATP,RATP_M3_2011 paiement,,101.13,"45279,37","8767,39"
,97,2011/03/05,512100,"Banque
Frais tenue de compte HSBC mars_2011",HSBC_M3_2011 service paiement,,20,"45279,37","8787,39"
,99,2011/03/05,512100,"Banque
Frais tenue de compte HSBC mars_2011",HSBC_M3_2011 TVA paiement,,3.92,"45279,37","8791,31"
,101,2011/03/05,512100,"Banque
Règlement MOZILLA Facture n°13 - prestations de janvier_2011",MOZILLA_M13_2011 paiement,10171.980,,"55451,350","8791,31"
,109,2011/03/06,512100,"Banque
Rémunération_Gérant_M3_2011",GERANT_M3_2011 salaire,,3200,"55451,350","11991,31"
,115,2011/03/07,512100,Banque: paiment dividendes 2010,AFFECTATION DIV OUT,,16200,"55451,350","28191,31"
,120,2011/03/10,512100,"Banque
Surcouf -cartouches imprimante",Cartouches paiement,,35.99,"55451,350","28227,30"
,124,2011/03/11,512100,"Banque
La Poste - achat de timbres",POSTE 2 paiement,,6.1,"55451,350","28233,40"
,128,2011/03/16,512100,Banque Règlement 1er acompte IS 2011,IS 1er acompte 2011 paiement,,997,"55451,350","29230,40"
,134,2011/03/17,512100,"Banque
T.C de Versailles – depot compte 2010",T.C. Versailles paiement,,46.33,"55451,350","29276,73"
,139,2011/03/28,512100,"Banque
Simply – enveloppes",Enveloppes paiment,,6.3,"55451,350","29283,03"
,146,2011/04/03,512100,Banque Carte intégrale avril 2011 - RATP,RATP_M4_2011 paiement,,101.13,"55451,350","29384,16"
,151,2011/04/05,512100,"Banque
Frais tenue de compte HSBC avril_2011",HSBC_M4_2011 service paiement,,20,"55451,350","29404,16"
,153,2011/04/05,512100,"Banque
Frais tenue de compte HSBC avril_2011",HSBC_M4_2011 TVA paiement,,3.92,"55451,350","29408,08"
,155,2011/04/05,512100,"Banque
Règlement MOZILLA Facture n°14 - prestations de février_2011",MOZILLA_M14_2011 paiement,4843.800,,"60295,150","29408,08"
,163,2011/04/06,512100,"Banque
Rémunération_Gérant_M4_2011",GERANT_M4_2011 salaire,,3200,"60295,150","32608,08"
,167,2011/04/08,512100,Banque Paiement de l'IS 2010,IS_2010 paiement,,3989,"60295,150","36597,08"
,173,2011/04/18,512100,"Banque
La Poste - achat de timbres",POSTE 3 paiement,,17.54,"60295,150","36614,62"
,177,2011/04/21,512100,"Banque
Règlement acompte TVA 1er trimestre 2011",TVA CA4 T1_2011 paiement,,1641,"60295,150","38255,62"
,184,2011/05/03,512100,Banque Carte intégrale mai 2011 - RATP,RATP_M5_2011 paiement,,101.13,"60295,150","38356,75"
,186,2011/05/03,512100,"Banque
Règlement acompte TVA  solde 2010",TVA CA4 solde 2010 paiement,,2849,"60295,150","41205,75"
,191,2011/05/05,512100,"Banque
Frais tenue de compte HSBC mai_2011",HSBC_M5_2011 service paiement,,20,"60295,150","41225,75"
,193,2011/05/05,512100,"Banque
Frais tenue de compte HSBC mai_2011",HSBC_M5_2011 TVA paiement,,3.92,"60295,150","41229,67"
,197,2011/05/05,512100,Banque Règlement acompte RSI AM T2 2011,RSI_AC_T2_2011 paiement,,171,"60295,150","41400,67"
,201,2011/05/05,512100,"Banque
Règlement 2ème acompte URSAAF 2011",URSAAF_AC_2 paiement,,352,"60295,150","41752,67"
,203,2011/05/05,512100,"Banque
Règlement MOZILLA Facture n°15 - prestations de mars_2011",MOZILLA_M15_2011 paiement,11140.740,,"71435,890","41752,67"
,211,2011/05/06,512100,"Banque
Rémunération_Gérant_M5_2011",GERANT_M5_2011 salaire,,3200,"71435,890","44952,67"
,216,2011/05/09,512100,"Banque
FNAC - matériel",ASUS EEE PC – paiement,,319,"71435,890","45271,67"
,221,2011/05/09,512100,"Banque
Décathlon - matériel",Sac – paiement,,29.95,"71435,890","45301,62"
,226,2011/05/30,512100,"Banque
Gd Cercle Développement Systeme sous Linux",Livres  (Linux system)  – paiement,,45,"71435,890","45346,62"
,233,2011/06/01,512100,Banque Carte intégrale juin 2011 - RATP,RATP_M6_2011 paiement,,101.2,"71435,890","45447,82"
,238,2011/06/05,512100,"Banque
Frais tenue de compte HSBC juin_2011",HSBC_M6_2011 service paiement,,20,"71435,890","45467,82"
,240,2011/06/05,512100,"Banque
Frais tenue de compte HSBC juin_2011",HSBC_M6_2011 TVA paiement,,3.92,"71435,890","45471,74"
,242,2011/06/05,512100,"Banque
Règlement MOZILLA Facture n°16 - prestations de avril_2011",MOZILLA_M16_2011 paiement,9687.600,,"81123,490","45471,74"
,250,2011/06/06,512100,"Banque
Rémunération_Gérant_M6_2011",GERANT_M6_2011 salaire,,3200,"81123,490","48671,74"
,254,2011/06/06,512100,"Banque
La Poste - achat de timbres",POSTE 4 paiement,,4.4,"81123,490","48676,14"
,258,2011/06/15,512100,Banque Règlement 1er acompte CIPAV 2011,CIPAV1 paiement,,1036,"81123,490","49712,14"
,266,2011/07/05,512100,"Banque
Frais tenue de compte HSBC juillet_2011",HSBC_M7_2011 service paiement,,20,"81123,490","49732,14"
,268,2011/07/05,512100,"Banque
Frais tenue de compte HSBC juillet_2011",HSBC_M7_2011 TVA paiement,,3.92,"81123,490","49736,06"
,270,2011/07/05,512100,"Banque
Règlement MOZILLA Facture n°17 - prestations de mai_2011",MOZILLA_M17_2011 paiement,10656.360,,"91779,850","49736,06"
,278,2011/07/06,512100,"Banque
Rémunération_Gérant_M7_2011",GERANT_M7_2011 salaire,,3200,"91779,850","52936,06"
,282,2011/07/26,512100,Banque Règlement acompte TVA 2ème trimestre 2011,TVA CA4 T2_2011 – paiement,,4487,"91779,850","57423,06"
,289,2011/08/03,512100,Banque Carte intégrale août 2011 - RATP,RATP_M8_2011 paiement,,101.13,"91779,850","57524,19"
,294,2011/08/05,512100,"Banque
Frais tenue de compte HSBC août_2011",HSBC_M8_2011 service paiement,,20,"91779,850","57544,19"
,296,2011/08/05,512100,"Banque
Frais tenue de compte HSBC août_2011",HSBC_M8_2011 TVA paiement,,3.92,"91779,850","57548,11"
,300,2011/08/05,512100,Banque Règlement 3ème acompte URSAAF 2011,URSAAF_AC_3 paiement,,352,"91779,850","57900,11"
,304,2011/08/05,512100,Banque Règlement acompte RSI AM T3 2011,RSI_AC_T3_2011 paiement,,171,"91779,850","58071,11"
,306,2011/08/05,512100,"Banque
Règlement MOZILLA Facture n°18 - prestations de juin_2011",MOZILLA_M18_2011 paiement,9687.600,,"101467,450","58071,11"
,314,2011/08/06,512100,"Banque
Rémunération_Gérant_M8_2011",GERANT_M8_2011 salaire,,3200,"101467,450","61271,11"
,321,2011/09/03,512100,Banque Carte intégrale septembre 2011 - RATP,RATP_M9_2011 paiement,,101.13,"101467,450","61372,24"
,326,2011/09/05,512100,"Banque
Frais tenue de compte HSBC septembre_2011",HSBC_M9_2011 service paiement,,20,"101467,450","61392,24"
,328,2011/09/05,512100,"Banque
Frais tenue de compte HSBC septembre_2011",HSBC_M9_2011 TVA paiement,,3.92,"101467,450","61396,16"
,330,2011/09/05,512100,"Banque
Règlement MOZILLA Facture n°19 - prestations de juillet_2011",MOZILLA_M19_2011 paiement,6296.940,,"107764,390","61396,16"
,338,2011/09/06,512100,"Banque
Rémunération_Gérant_M9_2011",GERANT_M9_2011 salaire,,3200,"107764,390","64596,16"
,345,2011/10/03,512100,Banque Carte intégrale octobre 2011 - RATP,RATP_M10_2011 paiement,,101.13,"107764,390","64697,29"
,349,2011/10/03,512100,"Banque
La Poste - achat de timbres",POSTE 5 paiement,,6,"107764,390","64703,29"
,354,2011/10/05,512100,"Banque
Frais tenue de compte HSBC octobre_2011",HSBC_M10_2011 service paiement,,20,"107764,390","64723,29"
,356,2011/10/05,512100,"Banque
Frais tenue de compte HSBC octobre_2011",HSBC_M10_2011 TVA paiement,,3.92,"107764,390","64727,21"
,358,2011/10/05,512100,"Banque
Règlement MOZILLA Facture n°20 - prestations de août_2011",MOZILLA_M20_2011 paiement,10656.360,,"118420,750","64727,21"
,366,2011/10/06,512100,"Banque
Rémunération_Gérant_M10_2011",GERANT_M10_2011 salaire,,3200,"118420,750","67927,21"
,370,2011/10/20,512100,"Banque
 Règlement acompte TVA T3 2011",TVA CA4 T3_2011 – paiement,,4487,"118420,750","72414,21"
,374,2011/10/20,512100,"Banque
 Règlement acompte TVA T4 2011",TVA CA4 T4_2011 – paiement,,3589,"118420,750","76003,21"
,381,2011/11/03,512100,Banque Carte intégrale novembre 2011 - RATP,RATP_M11_2011 paiement,,101.13,"118420,750","76104,34"
,386,2011/11/05,512100,"Banque
Frais tenue de compte HSBC novembre_2011",HSBC_M11_2011 service paiement,,20,"118420,750","76124,34"
,388,2011/11/05,512100,"Banque
Frais tenue de compte HSBC novembre_2011",HSBC_M11_2011 TVA paiement,,3.92,"118420,750","76128,26"
,392,2011/11/05,512100,Banque Règlement acompte RSI AM T4 2011,RSI_AC_T4_2011 paiement,,2672,"118420,750","78800,26"
,396,2011/11/05,512100,Banque Règlement 4ème acompte URSAAF 2011,URSAAF_AC_4 paiement,,5823,"118420,750","84623,26"
,404,2011/11/06,512100,"Banque
Rémunération_Gérant_M11_2011",GERANT_M11_2011 salaire,,3200,"118420,750","87823,26"
,408,2011/11/15,512100,Banque Règlement 2nd acompte CIPAV 2011,CIPAV2 paiement,,1036,"118420,750","88859,26"
,412,2011/11/29,512100,"Banque
La Poste - achat de timbres",POSTE 6 paiement,,5.7,"118420,750","88864,96"
,417,2011/11/30,512100,"Banque
Fnac – SCRUM + C++ concis et precis",Livres (SCRUM & C++) – paiement,,52.5,"118420,750","88917,46"
,424,2011/12/03,512100,Banque Carte intégrale décembre 2011 - RATP,RATP_M12_2011 paiement,,101.13,"118420,750","89018,59"
,429,2011/12/05,512100,"Banque
Frais tenue de compte HSBC décembre_2011",HSBC_M12_2011 service paiement,,20,"118420,750","89038,59"
,431,2011/12/05,512100,"Banque
Frais tenue de compte HSBC décembre_2011",HSBC_M12_2011 TVA paiement,,3.92,"118420,750","89042,51"
,433,2011/12/05,512100,"Banque
Règlement MOZILLA Facture n°22 - prestations de octobre_2011",MOZILLA_M22_2011 paiement,10171.980,,"128592,730","89042,51"
,441,2011/12/06,512100,"Banque
Rémunération_Gérant_M12_2011",GERANT_M12_2011 salaire,,3200,"128592,730","92242,51"
,443,2011/12/15,512100,Banque Taxe professionnelle 2010,TP_2010,,838,"128592,730","93080,51"
,448,2011/12/22,512100,"Banque
Darty Tel portable",tel portable – paiement,,79,"128592,730","93159,51"
,453,2011/12/24,512100,"Banque
Gd Cercle Langage C++",Livres (C++ Stroustrup) – paiement,,43,"128592,730","93202,51"
,457,2011/12/29,512100,Banque Règlement acompte 2 et 3 IS 2011,IS acompte 2&3 2011 paiement,,1994,"128592,730","95196,51"
,462,2011/12/30,512100,"Banque
Casa Bella Rest de départ",resto départ BNP – paiement,,46.5,"128592,730","95243,01"
,469,2011/12/31,512100,"Banque
Assurance risque d'exploitation 2012",AXA_2012 paiement,,802.49,"128592,730","96045,50"
Totaux,,19,512100,    Comptes en monnaie nationale,,"128592,730","96045,50"

,N°,Date,Comptes,Intitulé,Code opération,Débit,Crédit
,18,2011/01/01,512101,Banque – Binck Bank,OUVERTURE 2011,15,,"15,000","0,000"
Totaux,,20,512101,    Comptes en monnaie nationale,,"15,000","0,000"

,N°,Date,Comptes,Intitulé,Code opération,Débit,Crédit
,19,2011/01/01,513000,Caisse,OUVERTURE 2011,,0,"0,000","0,000"
Totaux,,21,513000,    Comptes en devises,,"0,000","0,000"

,N°,Date,Comptes,Intitulé,Code opération,Débit,Crédit
,116,2011/03/10,606400,"Fournitures administratives
Surcouf -cartouches imprimante",Cartouches facture,30.09,,"30,09","0,000"
,135,2011/03/28,606400,"Fournitures administratives 
Simply - enveloppes",Enveloppes facture,5.26,,"35,35","0,000"
Totaux,,22,606400,    Fournitures administratives,,"35,35","0,000"

,N°,Date,Comptes,Intitulé,Code opération,Débit,Crédit
,1,2011/01/01,616400,"Primes d'assurance - risques d'exploitation
Assurance risque d'exploitation AXA",AXA_2011,663.4,,"663,4","0,000"
,464,2011/12/31,616400,"Primes d'assurance - risques d'exploitation
Assurance risque d'exploitation AXA",AXA_2012,,802.49,"663,4","802,49"
,465,2011/12/31,616400,"Primes d'assurance - risques d'exploitation
Assurance risque d'exploitation AXA",AXA_2012 facture,736.2,,"1399,6","802,49"
Totaux,,23,616400,    Risques d'exploitation,,"1399,6","802,49"

,N°,Date,Comptes,Intitulé,Code opération,Débit,Crédit
,212,2011/05/09,618000,"Divers
FNAC - matériel",ASUS EEE PC – facture,256.476,,"256,476","0,000"
,217,2011/05/09,618000,"Divers
Décathlon - matériel",Sac – facture,24.08,,"280,556","0,000"
,444,2011/12/22,618000,"Documentation technique 
Darty – Tel portable",Tel portable – facture,66.05,,"346,606","0,000"
Totaux,,24,618000,    Divers,,"346,606","0,000"

,N°,Date,Comptes,Intitulé,Code opération,Débit,Crédit
,222,2011/05/30,618300,"Documentation technique 
Gd Cercle – Développement Systeme sous Linux ",Livres (Linux system) – facture,42.525,,"42,525","0,000"
,413,2011/11/30,618300,"Documentation technique  
Fnac – SCRUM + C++ concis et precis",Livres (SCRUM & C++) – facture,49.76,,"92,285","0,000"
,449,2011/12/24,618300,"Documentation technique 
Gd Cercle – Langage C++",Livres (C++ Stroustrup) – facture,40.76,,"133,045","0,000"
Totaux,,25,618300,    Divers,,"133,045","0,000"

,N°,Date,Comptes,Intitulé,Code opération,Débit,Crédit
,52,2011/01/19,622700,"Frais d'actes
Tribunal de Commerce: paraffage livre d'inventaire",CHARGES GESTION facture,2.5,,"2,5","0,000"
,129,2011/03/17,622700,"Frais d'actes
T.C de Versailles – depot compte 2010",T.C. Versailles 1 facture,14.87,,"17,37","0,000"
,131,2011/03/17,622700,"Frais d'actes
T.C de Versailles (debours) – depot compte 2010",T.C. Versailles 2 facture,28.55,,"45,92","0,000"
Totaux,,26,622700,    Frais d'actes et de contentieux,,"45,92","0,000"

,N°,Date,Comptes,Intitulé,Code opération,Débit,Crédit
,20,2011/01/03,625000,"Voyages et déplacements
Carte intégrale janvier 2011 - RATP",RATP_M1_2011 facture,101.13,,"101,13","0,000"
,61,2011/02/03,625000,"Voyages et déplacements
Carte intégrale février 2011 - RATP",RATP_M2_2011 facture,101.13,,"202,26","0,000"
,89,2011/03/03,625000,"Voyages et déplacements
Carte intégrale mars 2011 - RATP",RATP_M3_2011 facture,101.13,,"303,39","0,000"
,143,2011/04/03,625000,"Voyages et déplacements
Carte intégrale avril 2011 - RATP",RATP_M4_2011 facture,101.13,,"404,52","0,000"
,181,2011/05/03,625000,"Voyages et déplacements
Carte intégrale mai 2011 - RATP",RATP_M5_2011 facture,101.13,,"505,65","0,000"
,230,2011/06/01,625000,"Voyages et déplacements
Carte intégrale juin 2011 - RATP",RATP_M6_2011 facture,101.2,,"606,85","0,000"
,286,2011/08/03,625000,"Voyages et déplacements
Carte intégrale août 2011 - RATP",RATP_M8_2011 facture,101.13,,"707,98","0,000"
,318,2011/09/03,625000,"Voyages et déplacements
Carte intégrale septembre 2011 - RATP",RATP_M9_2011 facture,101.13,,"809,11","0,000"
,342,2011/10/03,625000,"Voyages et déplacements
Carte intégrale octobre 2011 - RATP",RATP_M10_2011 facture,101.13,,"910,24","0,000"
,378,2011/11/03,625000,"Voyages et déplacements
Carte intégrale novembre 2011 - RATP",RATP_M11_2011 facture,101.13,,"1011,37","0,000"
,421,2011/12/03,625000,"Voyages et déplacements
Carte intégrale décembre 2011 - RATP",RATP_M12_2011 facture,101.13,,"1112,50","0,000"
,458,2011/12/30,625000,"Deplacement mission et reception 
Casa bella – resto de départ",Resto départ BNP – facture,37.39,,"1149,89","0,000"
Totaux,,27,625000,"    Déplacements, missions et réceptions",,"1149,89","0,000"

,N°,Date,Comptes,Intitulé,Code opération,Débit,Crédit
,45,2011/01/10,626000,"Frais postaux et de télécommunications
La Poste - achat de timbres",POSTE 1 facture,13.92,,"13,92","0,000"
,121,2011/03/11,626000,"Frais postaux et de télécommunications
La Poste - achat de timbres",POSTE 2 facture,6.1,,"20,02","0,000"
,170,2011/04/18,626000,"Frais postaux et de télécommunications
La Poste - achat de timbres",POSTE 3 facture,17.54,,"37,56","0,000"
,251,2011/06/06,626000,"Frais postaux et de télécommunications
La Poste - achat de timbres",POSTE 4 facture,4.4,,"41,96","0,000"
,346,2011/10/03,626000,"Frais postaux et de télécommunications
La Poste - achat de timbres",POSTE 5 facture,6,,"47,96","0,000"
,409,2011/11/29,626000,"Frais postaux et de télécommunications
La Poste - achat de timbres",POSTE 6 facture,5.7,,"53,66","0,000"
Totaux,,28,626000,    Frais postaux et de télécommunications,,"53,66","0,000"

,N°,Date,Comptes,Intitulé,Code opération,Débit,Crédit
,28,2011/01/05,627000,"Services bancaires et assimilés
Frais tenue de compte HSBC janvier_2011",HSBC_M1_2011 facture,20,,"20,000","0,000"
,65,2011/02/05,627000,"Services bancaires et assimilés
Frais tenue de compte HSBC février_2011",HSBC_M2_2011 facture,20,,"40,000","0,000"
,93,2011/03/05,627000,"Services bancaires et assimilés
Frais tenue de compte HSBC mars_2011",HSBC_M3_2011 facture,20,,"60,000","0,000"
,147,2011/04/05,627000,"Services bancaires et assimilés
Frais tenue de compte HSBC avril_2011",HSBC_M4_2011 facture,20,,"80,000","0,000"
,187,2011/05/05,627000,"Services bancaires et assimilés
Frais tenue de compte HSBC mai_2011",HSBC_M5_2011 facture,20,,"100,000","0,000"
,234,2011/06/05,627000,"Services bancaires et assimilés
Frais tenue de compte HSBC juin_2011",HSBC_M6_2011 facture,20,,"120,000","0,000"
,262,2011/07/05,627000,"Services bancaires et assimilés
Frais tenue de compte HSBC juillet_2011",HSBC_M7_2011 facture,20,,"140,000","0,000"
,290,2011/08/05,627000,"Services bancaires et assimilés
Frais tenue de compte HSBC août_2011",HSBC_M8_2011 facture,20,,"160,000","0,000"
,322,2011/09/05,627000,"Services bancaires et assimilés
Frais tenue de compte HSBC septembre_2011",HSBC_M9_2011 facture,20,,"180,000","0,000"
,350,2011/10/05,627000,"Services bancaires et assimilés
Frais tenue de compte HSBC octobre_2011",HSBC_M10_2011 facture,20,,"200,000","0,000"
,382,2011/11/05,627000,"Services bancaires et assimilés
Frais tenue de compte HSBC novembre_2011",HSBC_M11_2011 facture,20,,"220,000","0,000"
,425,2011/12/05,627000,"Services bancaires et assimilés
Frais tenue de compte HSBC décembre_2011",HSBC_M12_2011 facture,20,,"240,000","0,000"
Totaux,,29,627000,    Services bancaires et assimilés,,"240,000","0,000"

,N°,Date,Comptes,Intitulé,Code opération,Débit,Crédit
,470,2011/12/31,635110,"Autres impôts – Taxe professionelle
Estimation",TaxeP_2011,1600,,"1600,000","0,000"
Totaux,,30,635110,    Impôts directs (sauf impôts sur les bénéfices),,"1600,000","0,000"

,N°,Date,Comptes,Intitulé,Code opération,Débit,Crédit
,24,2011/01/04,644000,"Rémunération du travail de l'exploitant
Rémunération_Gérant",FOOD_M1_2011 IN,244.13,,"244,13","0,000"
,37,2011/01/06,644000,"Rémunération du travail de l'exploitant
Rémunération_Gérant_M1_2011",GERANT_M1_2011,4198.2,,"4442,33","0,000"
,74,2011/02/06,644000,"Rémunération du travail de l'exploitant
Rémunération_Gérant_M2_2011",GERANT_M2_2011,4198.2,,"8640,53","0,000"
,102,2011/03/06,644000,"Rémunération du travail de l'exploitant
Rémunération_Gérant_M3_2011",GERANT_M3_2011,4198.2,,"12838,73","0,000"
,156,2011/04/06,644000,"Rémunération du travail de l'exploitant
Rémunération_Gérant_M4_2011",GERANT_M4_2011,4198.2,,"17036,93","0,000"
,204,2011/05/06,644000,"Rémunération du travail de l'exploitant
Rémunération_Gérant_M5_2011",GERANT_M5_2011,4198.2,,"21235,13","0,000"
,243,2011/06/06,644000,"Rémunération du travail de l'exploitant
Rémunération_Gérant_M6_2011",GERANT_M6_2011,4198.2,,"25433,33","0,000"
,271,2011/07/06,644000,"Rémunération du travail de l'exploitant
Rémunération_Gérant_M7_2011",GERANT_M7_2011,4198.2,,"29631,53","0,000"
,307,2011/08/06,644000,"Rémunération du travail de l'exploitant
Rémunération_Gérant_M8_2011",GERANT_M8_2011,4198.2,,"33829,73","0,000"
,331,2011/09/06,644000,"Rémunération du travail de l'exploitant
Rémunération_Gérant_M9_2011",GERANT_M9_2011,4198.2,,"38027,93","0,000"
,359,2011/10/06,644000,"Rémunération du travail de l'exploitant
Rémunération_Gérant_M10_2011",GERANT_M10_2011,4198.2,,"42226,13","0,000"
,397,2011/11/06,644000,"Rémunération du travail de l'exploitant
Rémunération_Gérant_M11_2011",GERANT_M11_2011,4198.2,,"46424,33","0,000"
,434,2011/12/06,644000,"Rémunération du travail de l'exploitant
Rémunération_Gérant_M12_2011",GERANT_M12_2011,4198.2,,"50622,53","0,000"
Totaux,,31,644000,Rémunération du travail de l'exploitant,,"50622,53","0,000"

,N°,Date,Comptes,Intitulé,Code opération,Débit,Crédit
,82,2011/02/07,645100,"Cotisations à l'URSAAF
Règlement 1er acompte URSAAF 2011",URSAAF_AC_1 facture,404,,"404,000","0,000"
,198,2011/05/05,645100,"Cotisations à l'URSAAF
Règlement 2eme acompte URSAAF 2011",URSAAF_AC_2 facture,352,,"756,000","0,000"
,297,2011/08/05,645100,"Cotisations à l'URSAAF
Règlement 3eme acompte URSAAF 2011",URSAAF_AC_3 facture,352,,"1108,000","0,000"
,393,2011/11/05,645100,Cotisations à l'URSAAF Règlement 4eme acompte URSAAF 2011,URSAAF_AC_4 facture,5823,,"6931,000","0,000"
Totaux,,32,645100,    Cotisations à l'Urssaf,,"6931,000","0,000"

,N°,Date,Comptes,Intitulé,Code opération,Débit,Crédit
,255,2011/06/15,645300,Cotisations aux caisses de retraite Règlement 1er acompte CIPAV 2011,CIPAV1 facture,1036,,"1036,000","0,000"
,405,2011/11/15,645300,Cotisations aux caisses de retraite Règlement 2nd acompte CIPAV 2011,CIPAV2 facture,1036,,"2072,000","0,000"
Totaux,,33,645300,    Cotisations aux caisses de retraites,,"2072,000","0,000"

,N°,Date,Comptes,Intitulé,Code opération,Débit,Crédit
,49,2011/01/18,645800,Cotisations aux autres organismes sociaux Règlement acompte RSI AM 2011,RSI_AC_T1_2011 facture,171,,"171,000","0,000"
,194,2011/05/05,645800,Cotisations aux autres organismes sociaux Règlement acompte RSI AM T2 2011,RSI_AC_T2_2011 facture,171,,"342,000","0,000"
,301,2011/08/05,645800,Cotisations aux autres organismes sociaux Règlement acompte RSI AM T3 2011,RSI_AC_T3_2011 facture,171,,"513,000","0,000"
,389,2011/11/05,645800,Cotisations aux autres organismes sociaux Règlement acompte RSI AM T4 2011,RSI_AC_T4_2011 facture,2672,,"3185,000","0,000"
Totaux,,34,645800,    Cotisations aux autres organismes sociaux,,"3185,000","0,000"

,N°,Date,Comptes,Intitulé,Code opération,Débit,Crédit
,478,2011/12/31,695000,"Impôts sur les bénéfices
Estimation",IS_2011,3434.68,,"3434,68","0,000"
Totaux,,35,695000,Impôts sur les bénéfices,,"3434,68","0,000"

,N°,Date,Comptes,Intitulé,Code opération,Débit,Crédit
,58,2011/01/31,706000,"Prestations de service
Facture MOZILLA n°13 – prestations de janvier_2011",MOZILLA_M13,,8505,"0,000","8505,000"
,86,2011/02/28,706000,"Prestations de service
Facture MOZILLA n°14 – prestations de février_2011",MOZILLA_M14,,4050,"0,000","12555,000"
,140,2011/03/31,706000,"Prestations de service
Facture MOZILLA n°15 – prestations de mars_2011",MOZILLA_M15,,9315,"0,000","21870,000"
,178,2011/04/30,706000,"Prestations de service
Facture MOZILLA n°16 – prestations de avril_2011",MOZILLA_M16,,8100,"0,000","29970,000"
,227,2011/05/31,706000,"Prestations de service
Facture MOZILLA n°17 – prestations de mai_2011",MOZILLA_M17,,8910,"0,000","38880,000"
,259,2011/06/30,706000,"Prestations de service
Facture MOZILLA n°18 – prestations de juin_2011",MOZILLA_M18,,8100,"0,000","46980,000"
,283,2011/07/31,706000,"Prestations de service
Facture MOZILLA n°19 – prestations de juillet_2011",MOZILLA_M19,,5265,"0,000","52245,000"
,315,2011/08/31,706000,"Prestations de service
Facture MOZILLA n°20 – prestations de août_2011",MOZILLA_M20,,8910,"0,000","61155,000"
,339,2011/09/30,706000,"Prestations de service
Facture MOZILLA n°21 – prestations de septembre_2011",MOZILLA_M21,,4860,"0,000","66015,000"
,375,2011/10/31,706000,"Prestations de service
Facture MOZILLA n°22 – prestations de octobre_2011",MOZILLA_M22,,8505,"0,000","74520,000"
,418,2011/11/30,706000,"Prestations de service
Facture MOZILLA n°23 – prestations de novembre_2011",MOZILLA_M23,,8100,"0,000","82620,000"
,472,2011/12/31,706000,"Prestations de service
Facture MOZILLA n°24 – prestations de décembre_2011 – erreur facture",MOZILLA_M24 – erreur,,405,"0,000","83025,000"
,475,2011/12/31,706000,"Prestations de service
Facture MOZILLA n°24 – prestations de décembre_2011",MOZILLA_M24,,6885,"0,000","89910,000"
Totaux,,36,706000,Prestations de services,,"0,000","89910,000"

,,N°,Compte,Intitulé du compte,Total débit,Total crédit,Solde débit,Solde crédit
,,1,101000,Capital,"0,000","2000,000",,"2000,000"
,,2,106100,    Réserve légale,"0,000","1200,000",,"1200,000"
,,3,110000,Report à nouveau (solde créditeur),"0,000","5201,83",,"5201,83"
,,4,120000,Résultat de l'exercice (bénéfice),"22601,83","22601,83",,
,,5,401100,    Fournisseurs & Achats de biens et prestations de services,"2962,37","2962,37",,
,,6,411000,Clients,"125144,66","100925,660","24219,000",
,,7,421000,Personnel & Rémunérations dues,"51190,41","50622,53","567,88",
,,8,428600,    Autres charges à payer,"0,000","0,000",,
,,9,431000,Sécurité sociale,"3185,000","8176,06",,"4991,06"
,,10,437010,Autres organismes sociaux,"6931,000","19114,58",,"12183,58"
,,11,437020,Autres organismes sociaux,"2072,000","10636,64",,"8564,64"
,,12,444000,Etat & Impôts sur les bénéfices,"6980,000","6980,000",,
,,13,445660,Taxes sur le chiffre d'affaires déductibles,"409,199","0,000","409,199",
,,14,445710,Taxes sur le chiffre d'affaires collectées par l'entreprise,"17053,000","20659,240",,"3606,240"
,,15,445810,    Taxes sur le chiffre d'affaires à régulariser ou en attente,"17053,000","17053,000",,
,,16,448600,    Charges à payer,"7818,000","9168,24",,"1350,24"
,,17,457000,Associés & Dividendes à payer,"16200,000","16200,000",,
,,18,486000,Charges constatées d'avance,"1465,89","663,4","802,49",
,,19,512100,    Comptes en monnaie nationale,"128592,730","96045,50","32547,230",
,,20,512101,    Comptes en monnaie nationale,"15,000","0,000","15,000",
,,21,513000,    Comptes en devises,"0,000","0,000",,
,Totaux des classes 1 à 5,,,,"409674,089","390210,880","58560,799","39097,590"
,,22,606400,    Fournitures administratives,"35,35","0,000","35,35",
,,23,616400,    Risques d'exploitation,"1399,6","802,49","597,11",
,,24,618000,    Divers,"346,606","0,000","346,606",
,,25,618300,    Divers,"133,045","0,000","133,045",
,,26,622700,    Frais d'actes et de contentieux,"45,92","0,000","45,92",
,,27,625000,"    Déplacements, missions et réceptions","1149,89","0,000","1149,89",
,,28,626000,    Frais postaux et de télécommunications,"53,66","0,000","53,66",
,,29,627000,    Services bancaires et assimilés,"240,000","0,000","240,000",
,,30,635110,    Impôts directs (sauf impôts sur les bénéfices),"1600,000","0,000","1600,000",
,,31,644000,Rémunération du travail de l'exploitant,"50622,53","0,000","50622,53",
,,32,645100,    Cotisations à l'Urssaf,"6931,000","0,000","6931,000",
,,33,645300,    Cotisations aux caisses de retraites,"2072,000","0,000","2072,000",
,,34,645800,    Cotisations aux autres organismes sociaux,"3185,000","0,000","3185,000",
,,35,695000,Impôts sur les bénéfices,"3434,68","0,000","3434,68",
,,36,706000,Prestations de services,"0,000","89910,000",,"89910,000"
,Totaux des classes 6 à 7,,,,"71249,281","90712,49","70446,791","89910,000"
,,,,,"480923,370","480923,370","129007,590","129007,590"

,Comparaison Totaux balance et Journal:,,,,Débit,Crédit
,,,Balance,,"480923,370","480923,370",,"0,000"
,,,Journal,,"480923,370","480923,370",,"0,000"
,,,,,"0,000","0,000",,"0,000"

,,,,Bénéfices avant impôts sur IS:,22897.89
,,,,IS,3434.68
,,,,Bénéfice distribuable,19463.21

,,,,Tableau des soldes intermédiares de gestion (SIG):
,,,,Chiffre d'affaire,89910
,,,,"Marge commerciale= 
 Ventes de marchandises et de services -
 Coût d'achat des marchandises vendues",89910
,,,,"Production de l'exercice= 
Production vendue +
  Production immobilisée +/-
  Production stockée",0
,,,,"Valeur Ajoutée (VA) =
 Production de l'exercice +
 Marge commerciale -
 Consommations de l'exercice en provenance de tiers",87602.079
,,,,"Exedent brut d'exploitation (EBE) =
 VA + Subventions d'exploitations -
 Charges du personnel -
 Impôts, taxes et versements assimilés",23191.549
,,,,"Résultat d'exploitation =
 EBE + Autre produit d'exploitation -
 Autre charge d'exploitation +
 Transfert de charge d'exploitation -
 Dotation aux ammortissements et provisions d'exploitations",23191.549
,,,,"Résultat financier =
 Produits financiers – Chrages financières",0
,,,,"Résultat courant avant impôt (RCAI) =
 Résultat d'exploitation + Résultat financier",23191.549
,,,,"Résultat exceptionnel =
 Produits exceptionnels – Charges exceptionnelles",0
,,,,"Résultat net de l'excercice =
 RCAI + Résultat exceptionnel -
 Impôt sur les bénéfices – Participation salariale",19756.869
,,,,,
,,,,Plafond sécurité sociale,38120.00
,,,,Salaire net,50622.53
,,,,Charge sociale à réintégrer,15452.32
,,,,,
,,,,Base de calcul (90% de salaire net),45560.28
,,,,"RSI tranche 1 (6,5% plafond SS)",2477.80
,,,,"RSI tranche 2 (5,9% au dessus plafond SS)",438.98
,,,,RSI total (assurance maladie),2916.78
,,,,,
,,,,Base de calcul (90% salaire net + charges réintégrées),61012.60
,,,,"CSG + CRDS non déductibles (2,9%)",1769.37
,,,,"CSG +  déductibles (5,1%)",3111.64
,,,,CSG+ CRDS,4881.01
,,,,Allocation familialle: base de calcul (90% salaire net),45560.28
,,,,"URSSAF (5,4%)",2460.25
,,,,URSSAF (formation pro.),57.18
,,,,URSSAF: TOTAL,7398.44
,,,,,
,,,,Salaire net à déclarer,52391.90
,,,,,
,,,,CIPAV: base de calcul (90% de salaire net),45560.28
,,,,"CIPAV: vieillesse de base 8,6% tranche 1",2786.57
,,,,"CIPAV: vieillesse de base 1,6% tranche 2",210.53
,,,,CIPAV: vieillesse de base,2997.10
,,,,CIPAV: vieillesse complémentaire  si < 40605: 988 sinon 2064,2064.00
,,,,CIPAV: invalidité décès (classe A: 76),76.00
,,,,CIPAV: TOTAL,5137.10
,,,,,
,,,,Total charges sociales,15452.32
,,,,Cotisations obligatoires,10571.32
,,,,Portion charge en dehors du salaire,0.31
,,,,Portion charge en dedans (salaire net + charges),0.23
,,,,Revenu brut (charges + 90% salaire net),61012.60



,Ecriture d'ouverture pour 2012:
,N°,Date,Comptes,Intitulé,Code opération,Débit,Crédit,Réf. Pièce
,1,2012/01/01,101000,Capital,OUVERTURE 2012,,2000.00,BILAN 2011
,2,2012/01/01,106100,    Réserve légale,OUVERTURE 2012,,1200.00,BILAN 2011
,3,2012/01/01,110000,Report à nouveau (solde créditeur),OUVERTURE 2012,,5201.83,BILAN 2011
,4,2012/01/01,120000,Résultat de l'exercice (bénéfice),OUVERTURE 2012,,19463.21,BILAN 2011
,6,2012/01/01,411000,Clients,OUVERTURE 2012,24219.00,,BILAN 2011
,7,2012/01/01,421000,Personnel & Rémunérations dues,OUVERTURE 2012,567.88,,BILAN 2011
,9,2012/01/01,431000,Sécurité sociale,OUVERTURE 2012,,4991.06,BILAN 2011
,10,2012/01/01,437010,Autres organismes sociaux,OUVERTURE 2012,,12183.58,BILAN 2011
,11,2012/01/01,437020,Autres organismes sociaux,OUVERTURE 2012,,8564.64,BILAN 2011
,14,2012/01/01,445710,Taxes sur le chiffre d'affaires collectées par l'entreprise,OUVERTURE 2012,409.20,3606.24,BILAN 2011
,16,2012/01/01,448600,    Charges à payer,OUVERTURE 2012,,1350.24,BILAN 2011
,18,2012/01/01,486000,Charges constatées d'avance,OUVERTURE 2012,802.49,,BILAN 2011
,19,2012/01/01,512100,    Comptes en monnaie nationale,OUVERTURE 2012,32547.23,,BILAN 2011
,20,2012/01/01,512101,    Comptes en monnaie nationale,OUVERTURE 2012,15.00,,BILAN 2011
