N°,Date,Comptes,Intitulé,Code opération,Débit,Crédit,Réf. Pièce
1,2011/01/01,616400,"Primes d'assurance - risques d'exploitation
Assurance risque d'exploitation AXA",AXA_2011,663.4,,Bilan 2010
2,2011/01/01,486000,"Charges constatées d'avance
Assurance risque d'exploitation 2011",AXA_2011,,663.4,Bilan 2010
3,2011/01/01,101000,Capital,OUVERTURE 2011,,2000,Bilan 2010
4,2011/01/01,120000,Résultat de l'exercice (bénéfice),OUVERTURE 2011,,22601.83,Bilan 2010
5,2011/01/01,401100,Fournisseurs - Achats de biens et services,OUVERTURE 2011,,0,Bilan 2010
6,2011/01/01,411000,Clients – ventes de prestations de service,OUVERTURE 2011,17612.3,,Bilan 2010
7,2011/01/01,421000,Exploitant - rémunération due,OUVERTURE 2011,,0,Bilan 2010
8,2011/01/01,428600,Autres charges à payer,OUVERTURE 2011,,0,Bilan 2010
9,2011/01/01,431000,Sécurité sociale RSI,OUVERTURE 2011,,2681.66,Bilan 2010
10,2011/01/01,437010,"Autres organismes sociaux
Cotisations Ursaaf",OUVERTURE 2011,,6820.54,Bilan 2010
11,2011/01/01,437020,Cotisations aux autres organismes sociaux-CIPAV,OUVERTURE 2011,,4870.8,Bilan 2010
12,2011/01/01,445660,TVA déductible,OUVERTURE 2011,187.5,,Bilan 2010
13,2011/01/01,445710,TVA collectée,OUVERTURE 2011,,3036.88,Bilan 2010
14,2011/01/01,445810,Acomptes – régime simplifié d'imposition,OUVERTURE 2011,,0,Bilan 2010
15,2011/01/01,448600,Etat – Charges à payer,OUVERTURE 2011,,4133.56,Bilan 2010
16,2011/01/01,486000,Charges constatées d'avance,OUVERTURE 2011,663.4,,Bilan 2010
17,2011/01/01,512100,Banque,OUVERTURE 2011,27667.07,,Bilan 2010
18,2011/01/01,512101,Banque – Binck Bank,OUVERTURE 2011,15,,Bilan 2010
19,2011/01/01,513000,Caisse,OUVERTURE 2011,,0,Bilan 2010
20,2011/01/03,625000,"Voyages et déplacements
Carte intégrale janvier 2011 - RATP",RATP_M1_2011 facture,101.13,,FF ratp 2011
21,2011/01/03,401100,"Fournisseurs - Achats de biens et services
Carte intégrale janvier 2011 - RATP",RATP_M1_2011 facture,,101.13,FF ratp 2011
22,2011/01/03,401100,Fournisseurs - Achats de biens et services Carte intégrale janvier 2011 - RATP,RATP_M1_2011 paiement,101.13,,Prélèv. Ratp janvier 2011
23,2011/01/03,512100,Banque Carte intégrale janvier 2011 - RATP,RATP_M1_2011 paiement,,101.13,Prélèv. Ratp janvier 2011
24,2011/01/04,644000,"Rémunération du travail de l'exploitant
Rémunération_Gérant",FOOD_M1_2011 IN,244.13,,PV mai 2010
25,2011/01/04,421000,"Exploitant - rémunération due
Rémunération pour frais de repas",FOOD_M1_2011 IN,,244.13,PV mai 2010
26,2011/01/04,421000,"Exploitant - rémunération due
Rémunération pour frais de repas",FOOD_M1_2011 OUT,244.13,,VIREMENT EMIS ZAFD 12524
27,2011/01/04,512100,"Banque
Frais de mission – janvier_2011",FOOD_M1_2011 OUT,,244.13,VIREMENT EMIS ZAFD 12524
28,2011/01/05,627000,"Services bancaires et assimilés
Frais tenue de compte HSBC janvier_2011",HSBC_M1_2011 facture,20,,FF hsbc 1
29,2011/01/05,445660,TVA déductible TVA déductible sur frais tenue de compte HSBC janvier_2011,HSBC_M1_2011 facture,3.92,,FF hsbc 1
30,2011/01/05,401100,"Fournisseurs - Achats de biens et services
Frais tenue de compte HSBC janvier_2011",HSBC_M1_2011 facture,,23.92,FF hsbc 1
31,2011/01/05,401100,"Fournisseurs - Achats de biens et services
Frais tenue de compte HSBC janvier_2011",HSBC_M1_2011 service paiement,20,,PRLV TBD
32,2011/01/05,512100,"Banque
Frais tenue de compte HSBC janvier_2011",HSBC_M1_2011 service paiement,,20,PRLV TBD
33,2011/01/05,401100,"Fournisseurs - Achats de biens et services
Frais tenue de compte HSBC janvier_2011",HSBC_M1_2011 TVA paiement,3.92,,PRLV TBD
34,2011/01/05,512100,"Banque
Frais tenue de compte HSBC janvier_2011",HSBC_M1_2011 TVA paiement,,3.92,PRLV TBD
35,2011/01/05,512100,"Banque
Règlement MOZILLA Facture n°11 - prestations de novembre_2010",MOZILLA_M11_2010 paiement,9520.16,,
36,2011/01/05,411000,"Clients- ventes de prestations de service
Règlement MOZILLA Facture n°11 - prestations de novembre_2010",MOZILLA_M11_2010 paiement,,9520.16,
37,2011/01/06,644000,"Rémunération du travail de l'exploitant
Rémunération_Gérant_M1_2011",GERANT_M1_2011,4198.2,,PV 2010 & taux prél sociaux
38,2011/01/06,421000,"Exploitant - rémunération due
Rémunération_Gérant_M1_2011",GERANT_M1_2011,,4198.2,PV 2010 & taux prél sociaux
39,2011/01/06,421000,"Exploitant - rémunération due
Cotisations rémunération_Gérant_M1_2011",GERANT_M1_2011 cotisations sociales,947.19,,PV 2010 & taux prél sociaux
40,2011/01/06,431000,"Sécurité sociale
Cotisations RSI rémunération_Gérant_M1_2011",GERANT_M1_2011 cotisations sociales,,192.45,site RSI
41,2011/01/06,437010,"Autres organismes sociaux
Cotisations Ursaaf – rémunération_Gérant_M1_2011",GERANT_M1_2011 cotisations sociales,,446.92,site Urssaf
42,2011/01/06,437020,"Autres organismes sociaux
Cotisations CIPAV – rémunération_Gérant_M1_2011",GERANT_M1_2011 cotisations sociales,,307.82,Site CIPAV
43,2011/01/06,421000,"Banque
Rémunération_Gérant_M1_2011",GERANT_M1_2011 salaire,4380,,
44,2011/01/06,512100,"Banque
Rémunération_Gérant_M1_2011",GERANT_M1_2011 salaire,,4380,
45,2011/01/10,626000,"Frais postaux et de télécommunications
La Poste - achat de timbres",POSTE 1 facture,13.92,,FF laposte 1
46,2011/01/10,401100,"Fournisseurs - Achats de biens et services
La Poste - achat de timbres",POSTE 1 facture,,13.92,FF laposte 1
47,2011/01/10,401100,"Fournisseurs - Achats de biens et services
La Poste - achat de timbres",POSTE 1 paiement,13.92,,CB laposte 1
48,2011/01/10,512100,"Banque
La Poste - achat de timbres",POSTE 1 paiement,,13.92,CB laposte 1
49,2011/01/18,645800,Cotisations aux autres organismes sociaux Règlement acompte RSI AM 2011,RSI_AC_T1_2011 facture,171,,Appel cotisation T1 2011
50,2011/01/18,431000,Sécurité Sociale Règlement acompte RSI AM 2011,RSI_AC_T1_2011 facture,,171,Appel cotisation T1 2011
51,2011/01/18,431000,Sécurité Sociale Règlement acompte RSI AM T1 2011,RSI_AC_T1_2011 paiement,171,,Ch TBD
52,2011/01/19,622700,"Frais d'actes
Tribunal de Commerce: paraffage livre d'inventaire",CHARGES GESTION facture,2.5,,FF GTC Versailles 1
53,2011/01/19,445660,"TVA déductible 
Tribunal de Commerce: paraffage livre d'inventaire",CHARGES GESTION facture,0.61,,FF GTC Versailles 1
54,2011/01/19,401100,"Fournisseurs - Achats de biens et services
Tribunal de Commerce: paraffage livre d'inventaire",CHARGES GESTION facture,,3.11,FF GTC Versailles 1
55,2011/01/19,401100,"Fournisseurs - Achats de biens et services
Tribunal de Commerce: paraffage livre d'inventaire",CHARGES GESTION paiement,3.11,,Ch 0324658
56,2011/01/19,512100,"Banque
Tribunal de Commerce: paraffage livre d'inventaire",CHARGES GESTION paiement,,3.11,Ch 0324658
57,2011/01/25,512100,Banque Règlement acompte RSI AM T1 2011,RSI_AC_T1_2011 paiement,,171,Ch TBD
58,2011/01/31,706000,"Prestations de service
Facture MOZILLA n°13 – prestations de janvier_2011",MOZILLA_M13,,8505,FC MOZILLA 13
59,2011/01/31,445710,"TVA collectée
Facture MOZILLA n°13 – prestations de janvier_2011",MOZILLA_M13,,1666.980,FC MOZILLA 13
60,2011/01/31,411000,Clientes – ventes de prestations de service Facture MOZILLA n°13 – prestations de janvier_2011,MOZILLA_M13,10171.98,,FC MOZILLA 13
61,2011/02/03,625000,"Voyages et déplacements
Carte intégrale février 2011 - RATP",RATP_M2_2011 facture,101.13,,FF ratp 2011
62,2011/02/03,401100,"Fournisseurs - Achats de biens et services
Carte intégrale février 2011 - RATP",RATP_M2_2011 facture,,101.13,FF ratp 2011
63,2011/02/03,401100,Fournisseurs - Achats de biens et services Carte intégrale février 2011 - RATP,RATP_M2_2011 paiement,101.13,,Prélèv. Ratp février 2011
64,2011/02/03,512100,Banque Carte intégrale février 2011 - RATP,RATP_M2_2011 paiement,,101.13,Prélèv. Ratp février 2011
65,2011/02/05,627000,"Services bancaires et assimilés
Frais tenue de compte HSBC février_2011",HSBC_M2_2011 facture,20,,FF hsbc 2
66,2011/02/05,445660,TVA déductible TVA déductible sur frais tenue de compte HSBC février_2011,HSBC_M2_2011 facture,3.92,,FF hsbc 2
67,2011/02/05,401100,"Fournisseurs - Achats de biens et services
Frais tenue de compte HSBC février_2011",HSBC_M2_2011 facture,,23.92,FF hsbc 2
68,2011/02/05,401100,"Fournisseurs - Achats de biens et services
Frais tenue de compte HSBC février_2011",HSBC_M2_2011 service paiement,20,,PRLV TBD
69,2011/02/05,512100,"Banque
Frais tenue de compte HSBC février_2011",HSBC_M2_2011 service paiement,,20,PRLV TBD
70,2011/02/05,401100,"Fournisseurs - Achats de biens et services
Frais tenue de compte HSBC février_2011",HSBC_M2_2011 TVA paiement,3.92,,PRLV TBD
71,2011/02/05,512100,"Banque
Frais tenue de compte HSBC février_2011",HSBC_M2_2011 TVA paiement,,3.92,PRLV TBD
72,2011/02/05,512100,"Banque
Règlement MOZILLA Facture n°12 - prestations de décembre_2010",MOZILLA_M12_2010 paiement,8092.14,,
73,2011/02/05,411000,"Clients- ventes de prestations de service 
Règlement MOZILLA Facture n°12 - prestations de décembre_2010",MOZILLA_M12_2010 paiement,,8092.14,
74,2011/02/06,644000,"Rémunération du travail de l'exploitant
Rémunération_Gérant_M2_2011",GERANT_M2_2011,4198.2,,PV 2010 & taux prél sociaux
75,2011/02/06,421000,"Exploitant - rémunération due
Rémunération_Gérant_M2_2011",GERANT_M2_2011,,4198.2,PV 2010 & taux prél sociaux
76,2011/02/06,421000,"Exploitant - rémunération due
Cotisations rémunération_Gérant_M2_2011",GERANT_M2_2011 cotisations sociales,947.19,,PV 2010 & taux prél sociaux
77,2011/02/06,431000,"Sécurité sociale
Cotisations RSI rémunération_Gérant_M2_2011",GERANT_M2_2011 cotisations sociales,,192.45,site RSI
78,2011/02/06,437010,"Autres organismes sociaux
Cotisations Ursaaf – rémunération_Gérant_M2_2011",GERANT_M2_2011 cotisations sociales,,446.92,site Urssaf
79,2011/02/06,437020,"Autres organismes sociaux
Cotisations CIPAV – rémunération_Gérant_M2_2011",GERANT_M2_2011 cotisations sociales,,307.82,Site CIPAV
80,2011/02/06,421000,"Exploitant - rémunération due
Rémunération_Gérant_M2_2011",GERANT_M2_2011 salaire,3200,,PV 2010 & taux prél sociaux
81,2011/02/06,512100,"Banque
Rémunération_Gérant_M2_2011",GERANT_M2_2011 salaire,,3200,virt Gérant février 2011
82,2011/02/07,645100,"Cotisations à l'URSAAF
Règlement 1er acompte URSAAF 2011",URSAAF_AC_1 facture,404,,Appel cotisation 02/2011
83,2011/02/07,437010,"Cotisations aux autres organismes sociaux
Règlement 1er acompte URSAAF 2011",URSAAF_AC_1 facture,,404,Appel cotisation 02/2011
84,2011/02/07,437010,"Cotisations aux autres organismes sociaux
Règlement 1er acompte URSAAF 2011",URSAAF_AC_1 paiement,404,,PRLV Urssaf  de pari TBD
85,2011/02/07,512100,Banque Règlement 1er acompte URSAAF 2011,URSAAF_AC_1 paiement,,404,PRLV Urssaf  de pari TBD
86,2011/02/28,706000,"Prestations de service
Facture MOZILLA n°14 – prestations de février_2011",MOZILLA_M14,,4050,FC MOZILLA 14
87,2011/02/28,445710,"TVA collectée
Facture MOZILLA n°14 – prestations de février_2011",MOZILLA_M14,,793.800,FC MOZILLA 14
88,2011/02/28,411000,Clientes – ventes de prestations de service Facture MOZILLA n°14 – prestations de février_2011,MOZILLA_M14,4843.80,,FC MOZILLA 14
89,2011/03/03,625000,"Voyages et déplacements
Carte intégrale mars 2011 - RATP",RATP_M3_2011 facture,101.13,,FF ratp 2011
90,2011/03/03,401100,"Fournisseurs - Achats de biens et services
Carte intégrale mars 2011 - RATP",RATP_M3_2011 facture,,101.13,FF ratp 2011
91,2011/03/03,401100,Fournisseurs - Achats de biens et services Carte intégrale mars 2011 - RATP,RATP_M3_2011 paiement,101.13,,Prélèv. Ratp mars 2011
92,2011/03/03,512100,Banque Carte intégrale mars 2011 - RATP,RATP_M3_2011 paiement,,101.13,Prélèv. Ratp mars 2011
93,2011/03/05,627000,"Services bancaires et assimilés
Frais tenue de compte HSBC mars_2011",HSBC_M3_2011 facture,20,,FF hsbc 3
94,2011/03/05,445660,TVA déductible TVA déductible sur frais tenue de compte HSBC mars_2011,HSBC_M3_2011 facture,3.92,,FF hsbc 3
95,2011/03/05,401100,"Fournisseurs - Achats de biens et services
Frais tenue de compte HSBC mars_2011",HSBC_M3_2011 facture,,23.92,FF hsbc 3
96,2011/03/05,401100,"Fournisseurs - Achats de biens et services
Frais tenue de compte HSBC mars_2011",HSBC_M3_2011 service paiement,20,,PRLV TBD
97,2011/03/05,512100,"Banque
Frais tenue de compte HSBC mars_2011",HSBC_M3_2011 service paiement,,20,PRLV TBD
98,2011/03/05,401100,"Fournisseurs - Achats de biens et services
Frais tenue de compte HSBC mars_2011",HSBC_M3_2011 TVA paiement,3.92,,PRLV TBD
99,2011/03/05,512100,"Banque
Frais tenue de compte HSBC mars_2011",HSBC_M3_2011 TVA paiement,,3.92,PRLV TBD
100,2011/03/05,411000,"Clients- ventes de prestations de service
Règlement MOZILLA Facture n°13 - prestations de janvier_2011",MOZILLA_M13_2011 paiement,,10171.980,VIR MOZILLA
101,2011/03/05,512100,"Banque
Règlement MOZILLA Facture n°13 - prestations de janvier_2011",MOZILLA_M13_2011 paiement,10171.980,,VIR MOZILLA
102,2011/03/06,644000,"Rémunération du travail de l'exploitant
Rémunération_Gérant_M3_2011",GERANT_M3_2011,4198.2,,PV 2010 & taux prél sociaux
103,2011/03/06,421000,"Exploitant - rémunération due
Rémunération_Gérant_M3_2011",GERANT_M3_2011,,4198.2,PV 2010 & taux prél sociaux
104,2011/03/06,421000,"Exploitant - rémunération due
Cotisations rémunération_Gérant_M3_2011",GERANT_M3_2011 cotisations sociales,947.19,,PV 2010 & taux prél sociaux
105,2011/03/06,431000,"Sécurité sociale
Cotisations RSI rémunération_Gérant_M3_2011",GERANT_M3_2011 cotisations sociales,,192.45,site RSI
106,2011/03/06,437010,"Autres organismes sociaux
Cotisations Ursaaf – rémunération_Gérant_M3_2011",GERANT_M3_2011 cotisations sociales,,446.92,site Urssaf
107,2011/03/06,437020,"Autres organismes sociaux
Cotisations CIPAV – rémunération_Gérant_M3_2011",GERANT_M3_2011 cotisations sociales,,307.82,Site CIPAV
108,2011/03/06,421000,"Exploitant - rémunération due
Rémunération_Gérant_M3_2011",GERANT_M3_2011 salaire,3200,,PV 2010 & taux prél sociaux
109,2011/03/06,512100,"Banque
Rémunération_Gérant_M3_2011",GERANT_M3_2011 salaire,,3200,virt Gérant mars 2011
110,2011/03/07,120000,Résultat de l'exercice (bénéfice),AFFECTATION DIV IN,22601.83,,PV approbation des comptes 2010
111,2011/03/07,106100,Réserve légale,AFFECTATION DIV IN,,1200,PV approbation des comptes 2010
112,2011/03/07,457000,Associés-dividendes à payer,AFFECTATION DIV IN,,16200,PV approbation des comptes 2010
113,2011/03/07,110000,Report à nouveau 2011,AFFECTATION DIV IN,,5201.83,PV approbation des comptes 2010
114,2011/03/07,457000,Associés-dividendes à payer,AFFECTATION DIV OUT,16200,,PV approbation des comptes 2010
115,2011/03/07,512100,Banque: paiment dividendes 2010,AFFECTATION DIV OUT,,16200,PV approbation des comptes 2010
116,2011/03/10,606400,"Fournitures administratives
Surcouf -cartouches imprimante",Cartouches facture,30.09,,FF surcouf 1
117,2011/03/10,445660,"TVA déductible 
Surcouf -cartouches imprimante (19.6)",Cartouches facture,5.9,,FF surcouf 1
118,2011/03/10,401100,"Fournisseurs - Achats de biens et services
Surcouf -cartouches imprimante",Cartouches facture,,35.99,FF surcouf 1
119,2011/03/10,401100,"Fournisseurs - Achats de biens et services
Surcouf -cartouches imprimante",Cartouches paiement,35.99,,cb surcouf haussman 09/03
120,2011/03/10,512100,"Banque
Surcouf -cartouches imprimante",Cartouches paiement,,35.99,cb surcouf haussman 09/03
121,2011/03/11,626000,"Frais postaux et de télécommunications
La Poste - achat de timbres",POSTE 2 facture,6.1,,
122,2011/03/11,401100,"Fournisseurs - Achats de biens et services
La Poste - achat de timbres",POSTE 2 facture,,6.1,
123,2011/03/11,401100,"Fournisseurs - Achats de biens et services
La Poste - achat de timbres",POSTE 2 paiement,6.1,,
124,2011/03/11,512100,"Banque
La Poste - achat de timbres",POSTE 2 paiement,,6.1,
125,2011/03/16,448600,"Etat – Charges à payer
Cotisations à IS Règlement 1er acompte IS 2011",IS 1er acompte 2011 facture,997,,
126,2011/03/16,444000,Etat-Imot sur les bénéfices,IS 1er acompte 2011 facture,,997,
127,2011/03/16,444000,Etat-Imot sur les bénéfices,IS 1er acompte 2011 paiement,997,,
128,2011/03/16,512100,Banque Règlement 1er acompte IS 2011,IS 1er acompte 2011 paiement,,997,
129,2011/03/17,622700,"Frais d'actes
T.C de Versailles – depot compte 2010",T.C. Versailles 1 facture,14.87,,
130,2011/03/17,445660,TVA déductible  T.C de Versailles – depot compte 2010,T.C. Versailles facture,2.91,,
131,2011/03/17,622700,"Frais d'actes
T.C de Versailles (debours) – depot compte 2010",T.C. Versailles 2 facture,28.55,,
132,2011/03/17,401100,"Fournisseurs - Achats de biens et services
T.C de Versailles – depot compte 2010",T.C. Versailles facture,,46.33,
133,2011/03/17,401100,"Fournisseurs - Achats de biens et services
T.C de Versailles – depot compte 2010",T.C. Versailles paiement,46.33,,
134,2011/03/17,512100,"Banque
T.C de Versailles – depot compte 2010",T.C. Versailles paiement,,46.33,
135,2011/03/28,606400,"Fournitures administratives 
Simply - enveloppes",Enveloppes facture,5.26,,
136,2011/03/28,445660,"TVA déductible 
Simply – enveloppes (19.6)",Enveloppes facture,1.04,,
137,2011/03/28,401100,"Fournisseurs - Achats de biens et services
Simply – enveloppes",Enveloppes facture,,6.3,
138,2011/03/28,401100,"Fournisseurs - Achats de biens et services
Simply – enveloppes",Enveloppes paiment,6.3,,
139,2011/03/28,512100,"Banque
Simply – enveloppes",Enveloppes paiment,,6.3,
140,2011/03/31,706000,"Prestations de service
Facture MOZILLA n°15 – prestations de mars_2011",MOZILLA_M15,,9315,FC MOZILLA 15
141,2011/03/31,445710,"TVA collectée
Facture MOZILLA n°15 – prestations de mars_2011",MOZILLA_M15,,1825.740,FC MOZILLA 15
142,2011/03/31,411000,Clientes – ventes de prestations de service Facture MOZILLA n°15 – prestations de mars_2011,MOZILLA_M15,11140.74,,FC MOZILLA 15
143,2011/04/03,625000,"Voyages et déplacements
Carte intégrale avril 2011 - RATP",RATP_M4_2011 facture,101.13,,FF ratp 2011
144,2011/04/03,401100,"Fournisseurs - Achats de biens et services
Carte intégrale avril 2011 - RATP",RATP_M4_2011 facture,,101.13,FF ratp 2011
145,2011/04/03,401100,Fournisseurs - Achats de biens et services Carte intégrale avril 2011 - RATP,RATP_M4_2011 paiement,101.13,,Prélèv. Ratp avril 2011
146,2011/04/03,512100,Banque Carte intégrale avril 2011 - RATP,RATP_M4_2011 paiement,,101.13,Prélèv. Ratp avril 2011
147,2011/04/05,627000,"Services bancaires et assimilés
Frais tenue de compte HSBC avril_2011",HSBC_M4_2011 facture,20,,FF hsbc 4
148,2011/04/05,445660,TVA déductible TVA déductible sur frais tenue de compte HSBC avril_2011,HSBC_M4_2011 facture,3.92,,FF hsbc 4
149,2011/04/05,401100,"Fournisseurs - Achats de biens et services
Frais tenue de compte HSBC avril_2011",HSBC_M4_2011 facture,,23.92,FF hsbc 4
150,2011/04/05,401100,"Fournisseurs - Achats de biens et services
Frais tenue de compte HSBC avril_2011",HSBC_M4_2011 service paiement,20,,PRLV TBD
151,2011/04/05,512100,"Banque
Frais tenue de compte HSBC avril_2011",HSBC_M4_2011 service paiement,,20,PRLV TBD
152,2011/04/05,401100,"Fournisseurs - Achats de biens et services
Frais tenue de compte HSBC avril_2011",HSBC_M4_2011 TVA paiement,3.92,,PRLV TBD
153,2011/04/05,512100,"Banque
Frais tenue de compte HSBC avril_2011",HSBC_M4_2011 TVA paiement,,3.92,PRLV TBD
154,2011/04/05,411000,"Clients- ventes de prestations de service
Règlement MOZILLA Facture n°14 - prestations de février_2011",MOZILLA_M14_2011 paiement,,4843.800,VIR MOZILLA
155,2011/04/05,512100,"Banque
Règlement MOZILLA Facture n°14 - prestations de février_2011",MOZILLA_M14_2011 paiement,4843.800,,VIR MOZILLA
156,2011/04/06,644000,"Rémunération du travail de l'exploitant
Rémunération_Gérant_M4_2011",GERANT_M4_2011,4198.2,,PV 2010 & taux prél sociaux
157,2011/04/06,421000,"Exploitant - rémunération due
Rémunération_Gérant_M4_2011",GERANT_M4_2011,,4198.2,PV 2010 & taux prél sociaux
158,2011/04/06,421000,"Exploitant - rémunération due
Cotisations rémunération_Gérant_M4_2011",GERANT_M4_2011 cotisations sociales,947.19,,PV 2010 & taux prél sociaux
159,2011/04/06,431000,"Sécurité sociale
Cotisations RSI rémunération_Gérant_M4_2011",GERANT_M4_2011 cotisations sociales,,192.45,site RSI
160,2011/04/06,437010,"Autres organismes sociaux
Cotisations Ursaaf – rémunération_Gérant_M4_2011",GERANT_M4_2011 cotisations sociales,,446.92,site Urssaf
161,2011/04/06,437020,"Autres organismes sociaux
Cotisations CIPAV – rémunération_Gérant_M4_2011",GERANT_M4_2011 cotisations sociales,,307.82,Site CIPAV
162,2011/04/06,421000,"Exploitant - rémunération due
Rémunération_Gérant_M4_2011",GERANT_M4_2011 salaire,3200,,PV 2010 & taux prél sociaux
163,2011/04/06,512100,"Banque
Rémunération_Gérant_M4_2011",GERANT_M4_2011 salaire,,3200,virt Gérant avril 2011
164,2011/04/08,448600,Etat – Charges à payer,IS 2010 facture,3989,,
165,2011/04/08,444000,Etat-Imot sur les bénéfices,IS 2010 facture,,3989,
166,2011/04/08,444000,Etat-Imot sur les bénéfices,IS_2010 paiement,3989,,
167,2011/04/08,512100,Banque Paiement de l'IS 2010,IS_2010 paiement,,3989,
168,2011/04/16,445710,"TVA collectée
TVA collectée solde 2010",TVA CA4 solde 2010 facture,2849,,TVA CA4 T1_2011
169,2011/04/16,445810,Acomptes – régime simplifié d'imposition solde 2010,TVA CA4 solde 2010 facture,,2849,TVA CA4 T1_2011
170,2011/04/18,626000,"Frais postaux et de télécommunications
La Poste - achat de timbres",POSTE 3 facture,17.54,,
171,2011/04/18,401100,"Fournisseurs - Achats de biens et services
La Poste - achat de timbres",POSTE 3 facture,,17.54,
172,2011/04/18,401100,"Fournisseurs - Achats de biens et services
La Poste - achat de timbres",POSTE 3 paiement,17.54,,
173,2011/04/18,512100,"Banque
La Poste - achat de timbres",POSTE 3 paiement,,17.54,
174,2011/04/21,445710,"TVA collectée
TVA collectée 1er trimestre 2011",TVA CA4 T1_2011 facture,1641,,TVA CA4 T1_2011
175,2011/04/21,445810,Acomptes – régime simplifié d'imposition Acompte TVA 1er trimestre 2011,TVA CA4 T1_2011 facture,,1641,TVA CA4 T1_2011
176,2011/04/21,445810,Acomptes – régime simplifié d'imposition Acompte TVA 1er trimestre 2011,TVA CA4 T1_2011 paiement,1641,,Ch TBD
177,2011/04/21,512100,"Banque
Règlement acompte TVA 1er trimestre 2011",TVA CA4 T1_2011 paiement,,1641,Ch TBD
178,2011/04/30,706000,"Prestations de service
Facture MOZILLA n°16 – prestations de avril_2011",MOZILLA_M16,,8100,FC MOZILLA 16
179,2011/04/30,445710,"TVA collectée
Facture MOZILLA n°16 – prestations de avril_2011",MOZILLA_M16,,1587.600,FC MOZILLA 16
180,2011/04/30,411000,Clientes – ventes de prestations de service Facture MOZILLA n°16 – prestations de avril_2011,MOZILLA_M16,9687.60,,FC MOZILLA 16
181,2011/05/03,625000,"Voyages et déplacements
Carte intégrale mai 2011 - RATP",RATP_M5_2011 facture,101.13,,FF ratp 2011
182,2011/05/03,401100,"Fournisseurs - Achats de biens et services
Carte intégrale mai 2011 - RATP",RATP_M5_2011 facture,,101.13,FF ratp 2011
183,2011/05/03,401100,Fournisseurs - Achats de biens et services Carte intégrale mai 2011 - RATP,RATP_M5_2011 paiement,101.13,,Prélèv. Ratp mai 2011
184,2011/05/03,512100,Banque Carte intégrale mai 2011 - RATP,RATP_M5_2011 paiement,,101.13,Prélèv. Ratp mai 2011
185,2011/05/03,445810,Acomptes – régime simplifié d'imposition solde TVA 2010,TVA CA4 solde 2010 paiement,2849,,Ch TBD
186,2011/05/03,512100,"Banque
Règlement acompte TVA  solde 2010",TVA CA4 solde 2010 paiement,,2849,Ch TBD
187,2011/05/05,627000,"Services bancaires et assimilés
Frais tenue de compte HSBC mai_2011",HSBC_M5_2011 facture,20,,FF hsbc 5
188,2011/05/05,445660,TVA déductible TVA déductible sur frais tenue de compte HSBC mai_2011,HSBC_M5_2011 facture,3.92,,FF hsbc 5
189,2011/05/05,401100,"Fournisseurs - Achats de biens et services
Frais tenue de compte HSBC mai_2011",HSBC_M5_2011 facture,,23.92,FF hsbc 5
190,2011/05/05,401100,"Fournisseurs - Achats de biens et services
Frais tenue de compte HSBC mai_2011",HSBC_M5_2011 service paiement,20,,PRLV TBD
191,2011/05/05,512100,"Banque
Frais tenue de compte HSBC mai_2011",HSBC_M5_2011 service paiement,,20,PRLV TBD
192,2011/05/05,401100,"Fournisseurs - Achats de biens et services
Frais tenue de compte HSBC mai_2011",HSBC_M5_2011 TVA paiement,3.92,,PRLV TBD
193,2011/05/05,512100,"Banque
Frais tenue de compte HSBC mai_2011",HSBC_M5_2011 TVA paiement,,3.92,PRLV TBD
194,2011/05/05,645800,Cotisations aux autres organismes sociaux Règlement acompte RSI AM T2 2011,RSI_AC_T2_2011 facture,171,,Appel cotisation T2 2011
195,2011/05/05,431000,"Sécurité Sociale
Règlement acompte RSI AM T2 2011",RSI_AC_T2_2011 facture,,171,Appel cotisation T2 2011
196,2011/05/05,431000,Sécurité Sociale Règlement acompte RSI AM T2 2011,RSI_AC_T2_2011 paiement,171,,Ch TBD
197,2011/05/05,512100,Banque Règlement acompte RSI AM T2 2011,RSI_AC_T2_2011 paiement,,171,Ch TBD
198,2011/05/05,645100,"Cotisations à l'URSAAF
Règlement 2eme acompte URSAAF 2011",URSAAF_AC_2 facture,352,,Appel cotisation 06/2011
199,2011/05/05,437010,"Cotisations aux autres organismes sociaux
Règlement 2eme acompte URSAAF 2011",URSAAF_AC_2 facture,,352,Appel cotisation 06/2011
200,2011/05/05,437010,"Cotisations aux autres organismes sociaux
Règlement 2eme acompte URSAAF 2011",URSAAF_AC_2 paiement,352,,PRLV Urssaf  de pari TBD
201,2011/05/05,512100,"Banque
Règlement 2ème acompte URSAAF 2011",URSAAF_AC_2 paiement,,352,PRLV Urssaf  de pari TBD
202,2011/05/05,411000,"Clients- ventes de prestations de service
Règlement MOZILLA Facture n°15 - prestations de mars_2011",MOZILLA_M15_2011 paiement,,11140.740,VIR MOZILLA
203,2011/05/05,512100,"Banque
Règlement MOZILLA Facture n°15 - prestations de mars_2011",MOZILLA_M15_2011 paiement,11140.740,,VIR MOZILLA
204,2011/05/06,644000,"Rémunération du travail de l'exploitant
Rémunération_Gérant_M5_2011",GERANT_M5_2011,4198.2,,PV 2010 & taux prél sociaux
205,2011/05/06,421000,"Exploitant - rémunération due
Rémunération_Gérant_M5_2011",GERANT_M5_2011,,4198.2,PV 2010 & taux prél sociaux
206,2011/05/06,421000,"Exploitant - rémunération due
Cotisations rémunération_Gérant_M5_2011",GERANT_M5_2011 cotisations sociales,947.19,,PV 2010 & taux prél sociaux
207,2011/05/06,431000,"Sécurité sociale
Cotisations RSI rémunération_Gérant_M5_2011",GERANT_M5_2011 cotisations sociales,,192.45,site RSI
208,2011/05/06,437010,"Autres organismes sociaux
Cotisations Ursaaf – rémunération_Gérant_M5_2011",GERANT_M5_2011 cotisations sociales,,446.92,site Urssaf
209,2011/05/06,437020,"Autres organismes sociaux
Cotisations CIPAV – rémunération_Gérant_M5_2011",GERANT_M5_2011 cotisations sociales,,307.82,Site CIPAV
210,2011/05/06,421000,"Exploitant - rémunération due
Rémunération_Gérant_M5_2011",GERANT_M5_2011 salaire,3200,,PV 2010 & taux prél sociaux
211,2011/05/06,512100,"Banque
Rémunération_Gérant_M5_2011",GERANT_M5_2011 salaire,,3200,virt Gérant mai 2011
212,2011/05/09,618000,"Divers
FNAC - matériel",ASUS EEE PC – facture,256.476,,
213,2011/05/09,445660,"TVA déductible 
FNAC - matériel",ASUS EEE PC – facture,62.524,,
214,2011/05/09,401100,"Fournisseurs - Achats de biens et services
FNAC - matériel",ASUS EEE PC – facture,,319,
215,2011/05/09,401100,"Fournisseurs - Achats de biens et services
FNAC - matériel",ASUS EEE PC – paiement,319,,
216,2011/05/09,512100,"Banque
FNAC - matériel",ASUS EEE PC – paiement,,319,
217,2011/05/09,618000,"Divers
Décathlon - matériel",Sac – facture,24.08,,
218,2011/05/09,445660,"TVA déductible 
Décathlon - matériel",Sac – facture,5.87,,
219,2011/05/09,401100,"Fournisseurs - Achats de biens et services
Décathlon - matériel",Sac – facture,,29.95,
220,2011/05/09,401100,"Fournisseurs - Achats de biens et services
Décathlon - matériel",Sac – paiement,29.95,,
221,2011/05/09,512100,"Banque
Décathlon - matériel",Sac – paiement,,29.95,
222,2011/05/30,618300,"Documentation technique 
Gd Cercle – Développement Systeme sous Linux ",Livres (Linux system) – facture,42.525,,
223,2011/05/30,445660,"TVA déductible 
Gd Cercle – Développement Systeme sous Linux (5,5)",TVA livres  (Linux system)  – facture,2.475,,
224,2011/05/30,401100,"Fournisseurs - Achats de biens et services
Gd Cercle Développement Systeme sous Linux",Livres  (Linux system)  – facture,,45,
225,2011/05/30,401100,"Fournisseurs - Achats de biens et services
Gd Cercle Développement Systeme sous Linux",Livres  (Linux system)  – paiement,45,,
226,2011/05/30,512100,"Banque
Gd Cercle Développement Systeme sous Linux",Livres  (Linux system)  – paiement,,45,
227,2011/05/31,706000,"Prestations de service
Facture MOZILLA n°17 – prestations de mai_2011",MOZILLA_M17,,8910,FC MOZILLA 17
228,2011/05/31,445710,"TVA collectée
Facture MOZILLA n°17 – prestations de mai_2011",MOZILLA_M17,,1746.360,FC MOZILLA 17
229,2011/05/31,411000,Clientes – ventes de prestations de service Facture MOZILLA n°17 – prestations de mai_2011,MOZILLA_M17,10656.36,,FC MOZILLA 17
230,2011/06/01,625000,"Voyages et déplacements
Carte intégrale juin 2011 - RATP",RATP_M6_2011 facture,101.2,,
231,2011/06/01,401100,"Fournisseurs - Achats de biens et services
Carte intégrale juin 2011 - RATP",RATP_M6_2011 facture,,101.2,
232,2011/06/01,401100,Fournisseurs - Achats de biens et services Carte intégrale juin 2011 - RATP,RATP_M6_2011 paiement,101.2,,
233,2011/06/01,512100,Banque Carte intégrale juin 2011 - RATP,RATP_M6_2011 paiement,,101.2,
234,2011/06/05,627000,"Services bancaires et assimilés
Frais tenue de compte HSBC juin_2011",HSBC_M6_2011 facture,20,,FF hsbc 6
235,2011/06/05,445660,TVA déductible TVA déductible sur frais tenue de compte HSBC juin_2011,HSBC_M6_2011 facture,3.92,,FF hsbc 6
236,2011/06/05,401100,"Fournisseurs - Achats de biens et services
Frais tenue de compte HSBC juin_2011",HSBC_M6_2011 facture,,23.92,FF hsbc 6
237,2011/06/05,401100,"Fournisseurs - Achats de biens et services
Frais tenue de compte HSBC juin_2011",HSBC_M6_2011 service paiement,20,,PRLV TBD
238,2011/06/05,512100,"Banque
Frais tenue de compte HSBC juin_2011",HSBC_M6_2011 service paiement,,20,PRLV TBD
239,2011/06/05,401100,"Fournisseurs - Achats de biens et services
Frais tenue de compte HSBC juin_2011",HSBC_M6_2011 TVA paiement,3.92,,PRLV TBD
240,2011/06/05,512100,"Banque
Frais tenue de compte HSBC juin_2011",HSBC_M6_2011 TVA paiement,,3.92,PRLV TBD
241,2011/06/05,411000,"Clients- ventes de prestations de service
Règlement MOZILLA Facture n°16 - prestations de avril_2011",MOZILLA_M16_2011 paiement,,9687.600,VIR MOZILLA
242,2011/06/05,512100,"Banque
Règlement MOZILLA Facture n°16 - prestations de avril_2011",MOZILLA_M16_2011 paiement,9687.600,,VIR MOZILLA
243,2011/06/06,644000,"Rémunération du travail de l'exploitant
Rémunération_Gérant_M6_2011",GERANT_M6_2011,4198.2,,PV 2010 & taux prél sociaux
244,2011/06/06,421000,"Exploitant - rémunération due
Rémunération_Gérant_M6_2011",GERANT_M6_2011,,4198.2,PV 2010 & taux prél sociaux
245,2011/06/06,421000,"Exploitant - rémunération due
Cotisations rémunération_Gérant_M6_2011",GERANT_M6_2011 cotisations sociales,947.19,,PV 2010 & taux prél sociaux
246,2011/06/06,431000,"Sécurité sociale
Cotisations RSI rémunération_Gérant_M6_2011",GERANT_M6_2011 cotisations sociales,,192.45,site RSI
247,2011/06/06,437010,"Autres organismes sociaux
Cotisations Ursaaf – rémunération_Gérant_M6_2011",GERANT_M6_2011 cotisations sociales,,446.92,site Urssaf
248,2011/06/06,437020,"Autres organismes sociaux
Cotisations CIPAV – rémunération_Gérant_M6_2011",GERANT_M6_2011 cotisations sociales,,307.82,Site CIPAV
249,2011/06/06,421000,"Exploitant - rémunération due
Rémunération_Gérant_M6_2011",GERANT_M6_2011 salaire,3200,,PV 2010 & taux prél sociaux
250,2011/06/06,512100,"Banque
Rémunération_Gérant_M6_2011",GERANT_M6_2011 salaire,,3200,virt Gérant juin 2011
251,2011/06/06,626000,"Frais postaux et de télécommunications
La Poste - achat de timbres",POSTE 4 facture,4.4,,
252,2011/06/06,401100,"Fournisseurs - Achats de biens et services
La Poste - achat de timbres",POSTE 4 facture,,4.4,
253,2011/06/06,401100,"Fournisseurs - Achats de biens et services
La Poste - achat de timbres",POSTE 4 paiement,4.4,,
254,2011/06/06,512100,"Banque
La Poste - achat de timbres",POSTE 4 paiement,,4.4,
255,2011/06/15,645300,Cotisations aux caisses de retraite Règlement 1er acompte CIPAV 2011,CIPAV1 facture,1036,,Appel cotisation 05/2011
256,2011/06/15,437020,Cotisations aux autres organismes sociaux Règlement 1er acompte CIPAV 2011,CIPAV1 facture,,1036,Appel cotisation 05/2011
257,2011/06/15,437020,Cotisations aux autres organismes sociaux Règlement 1er acompte CIPAV 2011,CIPAV1 paiement,1036,,prlv cipav 
258,2011/06/15,512100,Banque Règlement 1er acompte CIPAV 2011,CIPAV1 paiement,,1036,prlv cipav 
259,2011/06/30,706000,"Prestations de service
Facture MOZILLA n°18 – prestations de juin_2011",MOZILLA_M18,,8100,FC MOZILLA 18
260,2011/06/30,445710,"TVA collectée
Facture MOZILLA n°18 – prestations de juin_2011",MOZILLA_M18,,1587.600,FC MOZILLA 18
261,2011/06/30,411000,Clientes – ventes de prestations de service Facture MOZILLA n°18 – prestations de juin_2011,MOZILLA_M18,9687.60,,FC MOZILLA 18
262,2011/07/05,627000,"Services bancaires et assimilés
Frais tenue de compte HSBC juillet_2011",HSBC_M7_2011 facture,20,,FF hsbc 7
263,2011/07/05,445660,TVA déductible TVA déductible sur frais tenue de compte HSBC juillet_2011,HSBC_M7_2011 facture,3.92,,FF hsbc 7
264,2011/07/05,401100,"Fournisseurs - Achats de biens et services
Frais tenue de compte HSBC juillet_2011",HSBC_M7_2011 facture,,23.92,FF hsbc 7
265,2011/07/05,401100,"Fournisseurs - Achats de biens et services
Frais tenue de compte HSBC juillet_2011",HSBC_M7_2011 service paiement,20,,PRLV TBD
266,2011/07/05,512100,"Banque
Frais tenue de compte HSBC juillet_2011",HSBC_M7_2011 service paiement,,20,PRLV TBD
267,2011/07/05,401100,"Fournisseurs - Achats de biens et services
Frais tenue de compte HSBC juillet_2011",HSBC_M7_2011 TVA paiement,3.92,,PRLV TBD
268,2011/07/05,512100,"Banque
Frais tenue de compte HSBC juillet_2011",HSBC_M7_2011 TVA paiement,,3.92,PRLV TBD
269,2011/07/05,411000,"Clients- ventes de prestations de service
Règlement MOZILLA Facture n°17 - prestations de mai_2011",MOZILLA_M17_2011 paiement,,10656.360,VIR MOZILLA
270,2011/07/05,512100,"Banque
Règlement MOZILLA Facture n°17 - prestations de mai_2011",MOZILLA_M17_2011 paiement,10656.360,,VIR MOZILLA
271,2011/07/06,644000,"Rémunération du travail de l'exploitant
Rémunération_Gérant_M7_2011",GERANT_M7_2011,4198.2,,PV 2010 & taux prél sociaux
272,2011/07/06,421000,"Exploitant - rémunération due
Rémunération_Gérant_M7_2011",GERANT_M7_2011,,4198.2,PV 2010 & taux prél sociaux
273,2011/07/06,421000,"Exploitant - rémunération due
Cotisations rémunération_Gérant_M7_2011",GERANT_M7_2011 cotisations sociales,947.19,,PV 2010 & taux prél sociaux
274,2011/07/06,431000,"Sécurité sociale
Cotisations RSI rémunération_Gérant_M7_2011",GERANT_M7_2011 cotisations sociales,,192.45,site RSI
275,2011/07/06,437010,"Autres organismes sociaux
Cotisations Ursaaf – rémunération_Gérant_M7_2011",GERANT_M7_2011 cotisations sociales,,446.92,site Urssaf
276,2011/07/06,437020,"Autres organismes sociaux
Cotisations CIPAV – rémunération_Gérant_M7_2011",GERANT_M7_2011 cotisations sociales,,307.82,Site CIPAV
277,2011/07/06,421000,"Exploitant - rémunération due
Rémunération_Gérant_M7_2011",GERANT_M7_2011 salaire,3200,,PV 2010 & taux prél sociaux
278,2011/07/06,512100,"Banque
Rémunération_Gérant_M7_2011",GERANT_M7_2011 salaire,,3200,virt Gérant juillet 2011
279,2011/07/26,445710,"TVA collectée
TVA collectée T3 2011",TVA CA4 T2_2011 – facture,4487,,
280,2011/07/26,445810,Acomptes – régime simplifié d'imposition Acompte TVA T2 2011,TVA CA4 T2_2011 – facture,,4487,
281,2011/07/26,445810,Acomptes – régime simplifié d'imposition Acompte TVA 2ème trimestre 2011,TVA CA4 T2_2011 – paiement,4487,,
282,2011/07/26,512100,Banque Règlement acompte TVA 2ème trimestre 2011,TVA CA4 T2_2011 – paiement,,4487,
283,2011/07/31,706000,"Prestations de service
Facture MOZILLA n°19 – prestations de juillet_2011",MOZILLA_M19,,5265,FC MOZILLA 19
284,2011/07/31,445710,"TVA collectée
Facture MOZILLA n°19 – prestations de juillet_2011",MOZILLA_M19,,1031.940,FC MOZILLA 19
285,2011/07/31,411000,Clientes – ventes de prestations de service Facture MOZILLA n°19 – prestations de juillet_2011,MOZILLA_M19,6296.94,,FC MOZILLA 19
286,2011/08/03,625000,"Voyages et déplacements
Carte intégrale août 2011 - RATP",RATP_M8_2011 facture,101.13,,FF ratp 2011
287,2011/08/03,401100,"Fournisseurs - Achats de biens et services
Carte intégrale août 2011 - RATP",RATP_M8_2011 facture,,101.13,FF ratp 2011
288,2011/08/03,401100,Fournisseurs - Achats de biens et services Carte intégrale août 2011 - RATP,RATP_M8_2011 paiement,101.13,,Prélèv. Ratp août 2011
289,2011/08/03,512100,Banque Carte intégrale août 2011 - RATP,RATP_M8_2011 paiement,,101.13,Prélèv. Ratp août 2011
290,2011/08/05,627000,"Services bancaires et assimilés
Frais tenue de compte HSBC août_2011",HSBC_M8_2011 facture,20,,FF hsbc 8
291,2011/08/05,445660,TVA déductible TVA déductible sur frais tenue de compte HSBC août_2011,HSBC_M8_2011 facture,3.92,,FF hsbc 8
292,2011/08/05,401100,"Fournisseurs - Achats de biens et services
Frais tenue de compte HSBC août_2011",HSBC_M8_2011 facture,,23.92,FF hsbc 8
293,2011/08/05,401100,"Fournisseurs - Achats de biens et services
Frais tenue de compte HSBC août_2011",HSBC_M8_2011 service paiement,20,,PRLV TBD
294,2011/08/05,512100,"Banque
Frais tenue de compte HSBC août_2011",HSBC_M8_2011 service paiement,,20,PRLV TBD
295,2011/08/05,401100,"Fournisseurs - Achats de biens et services
Frais tenue de compte HSBC août_2011",HSBC_M8_2011 TVA paiement,3.92,,PRLV TBD
296,2011/08/05,512100,"Banque
Frais tenue de compte HSBC août_2011",HSBC_M8_2011 TVA paiement,,3.92,PRLV TBD
297,2011/08/05,645100,"Cotisations à l'URSAAF
Règlement 3eme acompte URSAAF 2011",URSAAF_AC_3 facture,352,,Appel cotisation 08/2011
298,2011/08/05,437010,"Cotisations aux autres organismes sociaux
Règlement 3eme acompte URSAAF 2011",URSAAF_AC_3 facture,,352,Appel cotisation 08/2011
299,2011/08/05,437010,Cotisations aux autres organismes sociaux Règlement 3eme acompte URSAAF 2011,URSAAF_AC_3 paiement,352,,PRLV Urssaf  de pari TBD
300,2011/08/05,512100,Banque Règlement 3ème acompte URSAAF 2011,URSAAF_AC_3 paiement,,352,PRLV Urssaf  de pari TBD
301,2011/08/05,645800,Cotisations aux autres organismes sociaux Règlement acompte RSI AM T3 2011,RSI_AC_T3_2011 facture,171,,Appel cotisation T3 2011
302,2011/08/05,431000,Sécurité Sociale Règlement acompte RSI AM T3 2011,RSI_AC_T3_2011 facture,,171,Appel cotisation T3 2011
303,2011/08/05,431000,Sécurité Sociale Règlement acompte RSI AM T3 2011,RSI_AC_T3_2011 paiement,171,,Ch TBD
304,2011/08/05,512100,Banque Règlement acompte RSI AM T3 2011,RSI_AC_T3_2011 paiement,,171,Ch TBD
305,2011/08/05,411000,"Clients- ventes de prestations de service
Règlement MOZILLA Facture n°18 - prestations de juin_2011",MOZILLA_M18_2011 paiement,,9687.600,VIR MOZILLA
306,2011/08/05,512100,"Banque
Règlement MOZILLA Facture n°18 - prestations de juin_2011",MOZILLA_M18_2011 paiement,9687.600,,VIR MOZILLA
307,2011/08/06,644000,"Rémunération du travail de l'exploitant
Rémunération_Gérant_M8_2011",GERANT_M8_2011,4198.2,,PV 2010 & taux prél sociaux
308,2011/08/06,421000,"Exploitant - rémunération due
Rémunération_Gérant_M8_2011",GERANT_M8_2011,,4198.2,PV 2010 & taux prél sociaux
309,2011/08/06,421000,"Exploitant - rémunération due
Cotisations rémunération_Gérant_M8_2011",GERANT_M8_2011 cotisations sociales,947.19,,PV 2010 & taux prél sociaux
310,2011/08/06,431000,"Sécurité sociale
Cotisations RSI rémunération_Gérant_M8_2011",GERANT_M8_2011 cotisations sociales,,192.45,site RSI
311,2011/08/06,437010,"Autres organismes sociaux
Cotisations Ursaaf – rémunération_Gérant_M8_2011",GERANT_M8_2011 cotisations sociales,,446.92,site Urssaf
312,2011/08/06,437020,"Autres organismes sociaux
Cotisations CIPAV – rémunération_Gérant_M8_2011",GERANT_M8_2011 cotisations sociales,,307.82,Site CIPAV
313,2011/08/06,421000,"Exploitant - rémunération due
Rémunération_Gérant_M8_2011",GERANT_M8_2011 salaire,3200,,PV 2010 & taux prél sociaux
314,2011/08/06,512100,"Banque
Rémunération_Gérant_M8_2011",GERANT_M8_2011 salaire,,3200,virt Gérant août 2011
315,2011/08/31,706000,"Prestations de service
Facture MOZILLA n°20 – prestations de août_2011",MOZILLA_M20,,8910,FC MOZILLA 20
316,2011/08/31,445710,"TVA collectée
Facture MOZILLA n°20 – prestations de août_2011",MOZILLA_M20,,1746.360,FC MOZILLA 20
317,2011/08/31,411000,Clientes – ventes de prestations de service Facture MOZILLA n°20 – prestations de août_2011,MOZILLA_M20,10656.36,,FC MOZILLA 20
318,2011/09/03,625000,"Voyages et déplacements
Carte intégrale septembre 2011 - RATP",RATP_M9_2011 facture,101.13,,FF ratp 2011
319,2011/09/03,401100,"Fournisseurs - Achats de biens et services
Carte intégrale septembre 2011 - RATP",RATP_M9_2011 facture,,101.13,FF ratp 2011
320,2011/09/03,401100,Fournisseurs - Achats de biens et services Carte intégrale septembre 2011 - RATP,RATP_M9_2011 paiement,101.13,,Prélèv. Ratp septembre 2011
321,2011/09/03,512100,Banque Carte intégrale septembre 2011 - RATP,RATP_M9_2011 paiement,,101.13,Prélèv. Ratp septembre 2011
322,2011/09/05,627000,"Services bancaires et assimilés
Frais tenue de compte HSBC septembre_2011",HSBC_M9_2011 facture,20,,FF hsbc 9
323,2011/09/05,445660,TVA déductible TVA déductible sur frais tenue de compte HSBC septembre_2011,HSBC_M9_2011 facture,3.92,,FF hsbc 9
324,2011/09/05,401100,"Fournisseurs - Achats de biens et services
Frais tenue de compte HSBC septembre_2011",HSBC_M9_2011 facture,,23.92,FF hsbc 9
325,2011/09/05,401100,"Fournisseurs - Achats de biens et services
Frais tenue de compte HSBC septembre_2011",HSBC_M9_2011 service paiement,20,,PRLV TBD
326,2011/09/05,512100,"Banque
Frais tenue de compte HSBC septembre_2011",HSBC_M9_2011 service paiement,,20,PRLV TBD
327,2011/09/05,401100,"Fournisseurs - Achats de biens et services
Frais tenue de compte HSBC septembre_2011",HSBC_M9_2011 TVA paiement,3.92,,PRLV TBD
328,2011/09/05,512100,"Banque
Frais tenue de compte HSBC septembre_2011",HSBC_M9_2011 TVA paiement,,3.92,PRLV TBD
329,2011/09/05,411000,"Clients- ventes de prestations de service
Règlement MOZILLA Facture n°19 - prestations de juillet_2011",MOZILLA_M19_2011 paiement,,6296.940,VIR MOZILLA
330,2011/09/05,512100,"Banque
Règlement MOZILLA Facture n°19 - prestations de juillet_2011",MOZILLA_M19_2011 paiement,6296.940,,VIR MOZILLA
331,2011/09/06,644000,"Rémunération du travail de l'exploitant
Rémunération_Gérant_M9_2011",GERANT_M9_2011,4198.2,,PV 2010 & taux prél sociaux
332,2011/09/06,421000,"Exploitant - rémunération due
Rémunération_Gérant_M9_2011",GERANT_M9_2011,,4198.2,PV 2010 & taux prél sociaux
333,2011/09/06,421000,"Exploitant - rémunération due
Cotisations rémunération_Gérant_M9_2011",GERANT_M9_2011 cotisations sociales,947.19,,PV 2010 & taux prél sociaux
334,2011/09/06,431000,"Sécurité sociale
Cotisations RSI rémunération_Gérant_M9_2011",GERANT_M9_2011 cotisations sociales,,192.45,site RSI
335,2011/09/06,437010,"Autres organismes sociaux
Cotisations Ursaaf – rémunération_Gérant_M9_2011",GERANT_M9_2011 cotisations sociales,,446.92,site Urssaf
336,2011/09/06,437020,"Autres organismes sociaux
Cotisations CIPAV – rémunération_Gérant_M9_2011",GERANT_M9_2011 cotisations sociales,,307.82,Site CIPAV
337,2011/09/06,421000,"Exploitant - rémunération due
Rémunération_Gérant_M9_2011",GERANT_M9_2011 salaire,3200,,PV 2010 & taux prél sociaux
338,2011/09/06,512100,"Banque
Rémunération_Gérant_M9_2011",GERANT_M9_2011 salaire,,3200,virt Gérant septembre 2011
339,2011/09/30,706000,"Prestations de service
Facture MOZILLA n°21 – prestations de septembre_2011",MOZILLA_M21,,4860,FC MOZILLA 21
340,2011/09/30,445710,"TVA collectée
Facture MOZILLA n°21 – prestations de septembre_2011",MOZILLA_M21,,952.56,FC MOZILLA 21
341,2011/09/30,411000,Clientes – ventes de prestations de service Facture MOZILLA n°21 – prestations de septembre_2011,MOZILLA_M21,5812.56,,FC MOZILLA 21
342,2011/10/03,625000,"Voyages et déplacements
Carte intégrale octobre 2011 - RATP",RATP_M10_2011 facture,101.13,,FF ratp 2011
343,2011/10/03,401100,"Fournisseurs - Achats de biens et services
Carte intégrale octobre 2011 - RATP",RATP_M10_2011 facture,,101.13,FF ratp 2011
344,2011/10/03,401100,Fournisseurs - Achats de biens et services Carte intégrale octobre 2011 - RATP,RATP_M10_2011 paiement,101.13,,Prélèv. Ratp octobre 2011
345,2011/10/03,512100,Banque Carte intégrale octobre 2011 - RATP,RATP_M10_2011 paiement,,101.13,Prélèv. Ratp octobre 2011
346,2011/10/03,626000,"Frais postaux et de télécommunications
La Poste - achat de timbres",POSTE 5 facture,6,,
347,2011/10/03,401100,"Fournisseurs - Achats de biens et services
La Poste - achat de timbres",POSTE 5 facture,,6,
348,2011/10/03,401100,"Fournisseurs - Achats de biens et services
La Poste - achat de timbres",POSTE 5 paiement,6,,
349,2011/10/03,512100,"Banque
La Poste - achat de timbres",POSTE 5 paiement,,6,
350,2011/10/05,627000,"Services bancaires et assimilés
Frais tenue de compte HSBC octobre_2011",HSBC_M10_2011 facture,20,,FF hsbc 10
351,2011/10/05,445660,TVA déductible TVA déductible sur frais tenue de compte HSBC octobre_2011,HSBC_M10_2011 facture,3.92,,FF hsbc 10
352,2011/10/05,401100,"Fournisseurs - Achats de biens et services
Frais tenue de compte HSBC octobre_2011",HSBC_M10_2011 facture,,23.92,FF hsbc 10
353,2011/10/05,401100,"Fournisseurs - Achats de biens et services
Frais tenue de compte HSBC octobre_2011",HSBC_M10_2011 service paiement,20,,PRLV TBD
354,2011/10/05,512100,"Banque
Frais tenue de compte HSBC octobre_2011",HSBC_M10_2011 service paiement,,20,PRLV TBD
355,2011/10/05,401100,"Fournisseurs - Achats de biens et services
Frais tenue de compte HSBC octobre_2011",HSBC_M10_2011 TVA paiement,3.92,,PRLV TBD
356,2011/10/05,512100,"Banque
Frais tenue de compte HSBC octobre_2011",HSBC_M10_2011 TVA paiement,,3.92,PRLV TBD
357,2011/10/05,411000,"Clients- ventes de prestations de service
Règlement MOZILLA Facture n°20 - prestations de août_2011",MOZILLA_M20_2011 paiement,,10656.360,VIR MOZILLA
358,2011/10/05,512100,"Banque
Règlement MOZILLA Facture n°20 - prestations de août_2011",MOZILLA_M20_2011 paiement,10656.360,,VIR MOZILLA
359,2011/10/06,644000,"Rémunération du travail de l'exploitant
Rémunération_Gérant_M10_2011",GERANT_M10_2011,4198.2,,PV 2010 & taux prél sociaux
360,2011/10/06,421000,"Exploitant - rémunération due
Rémunération_Gérant_M10_2011",GERANT_M10_2011,,4198.2,PV 2010 & taux prél sociaux
361,2011/10/06,421000,"Exploitant - rémunération due
Cotisations rémunération_Gérant_M10_2011",GERANT_M10_2011 cotisations sociales,947.19,,PV 2010 & taux prél sociaux
362,2011/10/06,431000,"Sécurité sociale
Cotisations RSI rémunération_Gérant_M10_2011",GERANT_M10_2011 cotisations sociales,,192.45,site RSI
363,2011/10/06,437010,"Autres organismes sociaux
Cotisations Ursaaf – rémunération_Gérant_M10_2011",GERANT_M10_2011 cotisations sociales,,446.92,site Urssaf
364,2011/10/06,437020,"Autres organismes sociaux
Cotisations CIPAV – rémunération_Gérant_M10_2011",GERANT_M10_2011 cotisations sociales,,307.82,Site CIPAV
365,2011/10/06,421000,"Exploitant - rémunération due
Rémunération_Gérant_M10_2011",GERANT_M10_2011 salaire,3200,,PV 2010 & taux prél sociaux
366,2011/10/06,512100,"Banque
Rémunération_Gérant_M10_2011",GERANT_M10_2011 salaire,,3200,virt Gérant octobre 2011
367,2011/10/20,445710,"TVA collectée
TVA collectée T3 2011",TVA CA4 T3_2011 – facture,4487,,
368,2011/10/20,445810,"Acomptes – régime simplifié d'imposition
 Acompte TVA T3 2011",TVA CA4 T3_2011 – facture,,4487,
369,2011/10/20,445810,"Acomptes – régime simplifié d'imposition
 Acompte TVA T3 2011",TVA CA4 T3_2011 – paiement,4487,,
370,2011/10/20,512100,"Banque
 Règlement acompte TVA T3 2011",TVA CA4 T3_2011 – paiement,,4487,
371,2011/10/20,445710,"TVA collectée
TVA collectée T4 2011",TVA CA4 T4_2011 – facture,3589,,
372,2011/10/20,445810,"Acomptes – régime simplifié d'imposition
  Acompte TVA T4 2011",TVA CA4 T4_2011 – facture,,3589,
373,2011/10/20,445810,"Acomptes – régime simplifié d'imposition
  Acompte TVA T4 2011",TVA CA4 T4_2011 – paiement,3589,,
374,2011/10/20,512100,"Banque
 Règlement acompte TVA T4 2011",TVA CA4 T4_2011 – paiement,,3589,
375,2011/10/31,706000,"Prestations de service
Facture MOZILLA n°22 – prestations de octobre_2011",MOZILLA_M22,,8505,FC MOZILLA 22
376,2011/10/31,445710,"TVA collectée
Facture MOZILLA n°22 – prestations de octobre_2011",MOZILLA_M22,,1666.980,FC MOZILLA 22
377,2011/10/31,411000,Clientes – ventes de prestations de service Facture MOZILLA n°22 – prestations de octobre_2011,MOZILLA_M22,10171.98,,FC MOZILLA 22
378,2011/11/03,625000,"Voyages et déplacements
Carte intégrale novembre 2011 - RATP",RATP_M11_2011 facture,101.13,,FF ratp 2011
379,2011/11/03,401100,"Fournisseurs - Achats de biens et services
Carte intégrale novembre 2011 - RATP",RATP_M11_2011 facture,,101.13,FF ratp 2011
380,2011/11/03,401100,Fournisseurs - Achats de biens et services Carte intégrale novembre 2011 - RATP,RATP_M11_2011 paiement,101.13,,Prélèv. Ratp novembre 2011
381,2011/11/03,512100,Banque Carte intégrale novembre 2011 - RATP,RATP_M11_2011 paiement,,101.13,Prélèv. Ratp novembre 2011
382,2011/11/05,627000,"Services bancaires et assimilés
Frais tenue de compte HSBC novembre_2011",HSBC_M11_2011 facture,20,,FF hsbc 11
383,2011/11/05,445660,TVA déductible TVA déductible sur frais tenue de compte HSBC novembre_2011,HSBC_M11_2011 facture,3.92,,FF hsbc 11
384,2011/11/05,401100,"Fournisseurs - Achats de biens et services
Frais tenue de compte HSBC novembre_2011",HSBC_M11_2011 facture,,23.92,FF hsbc 11
385,2011/11/05,401100,"Fournisseurs - Achats de biens et services
Frais tenue de compte HSBC novembre_2011",HSBC_M11_2011 service paiement,20,,PRLV TBD
386,2011/11/05,512100,"Banque
Frais tenue de compte HSBC novembre_2011",HSBC_M11_2011 service paiement,,20,PRLV TBD
387,2011/11/05,401100,"Fournisseurs - Achats de biens et services
Frais tenue de compte HSBC novembre_2011",HSBC_M11_2011 TVA paiement,3.92,,PRLV TBD
388,2011/11/05,512100,"Banque
Frais tenue de compte HSBC novembre_2011",HSBC_M11_2011 TVA paiement,,3.92,PRLV TBD
389,2011/11/05,645800,Cotisations aux autres organismes sociaux Règlement acompte RSI AM T4 2011,RSI_AC_T4_2011 facture,2672,,
390,2011/11/05,431000,Sécurité Sociale Règlement acompte RSI AM T4 2011,RSI_AC_T4_2011 facture,,2672,
391,2011/11/05,431000,Sécurité Sociale Règlement acompte RSI AM T4 2011,RSI_AC_T4_2011 paiement,2672,,
392,2011/11/05,512100,Banque Règlement acompte RSI AM T4 2011,RSI_AC_T4_2011 paiement,,2672,
393,2011/11/05,645100,Cotisations à l'URSAAF Règlement 4eme acompte URSAAF 2011,URSAAF_AC_4 facture,5823,,
394,2011/11/05,437010,Cotisations aux autres organismes sociaux Règlement 4eme acompte URSAAF 2011,URSAAF_AC_4 facture,,5823,
395,2011/11/05,437010,Cotisations aux autres organismes sociaux Règlement 4eme acompte URSAAF 2011,URSAAF_AC_4 paiement,5823,,
396,2011/11/05,512100,Banque Règlement 4ème acompte URSAAF 2011,URSAAF_AC_4 paiement,,5823,
397,2011/11/06,644000,"Rémunération du travail de l'exploitant
Rémunération_Gérant_M11_2011",GERANT_M11_2011,4198.2,,PV 2010 & taux prél sociaux
398,2011/11/06,421000,"Exploitant - rémunération due
Rémunération_Gérant_M11_2011",GERANT_M11_2011,,4198.2,PV 2010 & taux prél sociaux
399,2011/11/06,421000,"Exploitant - rémunération due
Cotisations rémunération_Gérant_M11_2011",GERANT_M11_2011 cotisations sociales,947.19,,PV 2010 & taux prél sociaux
400,2011/11/06,431000,"Sécurité sociale
Cotisations RSI rémunération_Gérant_M11_2011",GERANT_M11_2011 cotisations sociales,,192.45,site RSI
401,2011/11/06,437010,"Autres organismes sociaux
Cotisations Ursaaf – rémunération_Gérant_M11_2011",GERANT_M11_2011 cotisations sociales,,446.92,site Urssaf
402,2011/11/06,437020,"Autres organismes sociaux
Cotisations CIPAV – rémunération_Gérant_M11_2011",GERANT_M11_2011 cotisations sociales,,307.82,Site CIPAV
403,2011/11/06,421000,"Exploitant - rémunération due
Rémunération_Gérant_M11_2011",GERANT_M11_2011 salaire,3200,,PV 2010 & taux prél sociaux
404,2011/11/06,512100,"Banque
Rémunération_Gérant_M11_2011",GERANT_M11_2011 salaire,,3200,virt Gérant novembre 2011
405,2011/11/15,645300,Cotisations aux caisses de retraite Règlement 2nd acompte CIPAV 2011,CIPAV2 facture,1036,,Appel cotisation 12/2011
406,2011/11/15,437020,Cotisations aux autres organismes sociaux Règlement 2nd acompte CIPAV 2011,CIPAV2 facture,,1036,Appel cotisation 12/2011
407,2011/11/15,437020,Cotisations aux autres organismes sociaux Règlement 2nd acompte CIPAV 2011,CIPAV2 paiement,1036,,prlv cipav 
408,2011/11/15,512100,Banque Règlement 2nd acompte CIPAV 2011,CIPAV2 paiement,,1036,prlv cipav 
409,2011/11/29,626000,"Frais postaux et de télécommunications
La Poste - achat de timbres",POSTE 6 facture,5.7,,
410,2011/11/29,401100,"Fournisseurs - Achats de biens et services
La Poste - achat de timbres",POSTE 6 facture,,5.7,
411,2011/11/29,401100,"Fournisseurs - Achats de biens et services
La Poste - achat de timbres",POSTE 6 paiement,5.7,,
412,2011/11/29,512100,"Banque
La Poste - achat de timbres",POSTE 6 paiement,,5.7,
413,2011/11/30,618300,"Documentation technique  
Fnac – SCRUM + C++ concis et precis",Livres (SCRUM & C++) – facture,49.76,,
414,2011/11/30,445660,"TVA déductible 
Fnac – SCRUM + C++ concis et precis (5,5)",TVA livres (SCRUM & C++) – facture,2.74,,
415,2011/11/30,401100,"Fournisseurs - Achats de biens et services
Fnac – SCRUM + C++ concis et precis",Livres (SCRUM & C++) – facture,,52.5,
416,2011/11/30,401100,"Fournisseurs - Achats de biens et services 
Fnac – SCRUM + C++ concis et precis",Livres (SCRUM & C++) – paiement,52.5,,
417,2011/11/30,512100,"Banque
Fnac – SCRUM + C++ concis et precis",Livres (SCRUM & C++) – paiement,,52.5,
418,2011/11/30,706000,"Prestations de service
Facture MOZILLA n°23 – prestations de novembre_2011",MOZILLA_M23,,8100,FC MOZILLA 23
419,2011/11/30,445710,"TVA collectée
Facture MOZILLA n°23 – prestations de novembre_2011",MOZILLA_M23,,1587.600,FC MOZILLA 23
420,2011/11/30,411000,Clientes – ventes de prestations de service Facture MOZILLA n°23 – prestations de novembre_2011,MOZILLA_M23,9687.60,,FC MOZILLA 23
421,2011/12/03,625000,"Voyages et déplacements
Carte intégrale décembre 2011 - RATP",RATP_M12_2011 facture,101.13,,FF ratp 2011
422,2011/12/03,401100,"Fournisseurs - Achats de biens et services
Carte intégrale décembre 2011 - RATP",RATP_M12_2011 facture,,101.13,FF ratp 2011
423,2011/12/03,401100,Fournisseurs - Achats de biens et services Carte intégrale décembre 2011 - RATP,RATP_M12_2011 paiement,101.13,,Prélèv. Ratp décembre 2011
424,2011/12/03,512100,Banque Carte intégrale décembre 2011 - RATP,RATP_M12_2011 paiement,,101.13,Prélèv. Ratp décembre 2011
425,2011/12/05,627000,"Services bancaires et assimilés
Frais tenue de compte HSBC décembre_2011",HSBC_M12_2011 facture,20,,FF hsbc 12
426,2011/12/05,445660,TVA déductible TVA déductible sur frais tenue de compte HSBC décembre_2011,HSBC_M12_2011 facture,3.92,,FF hsbc 12
427,2011/12/05,401100,"Fournisseurs - Achats de biens et services
Frais tenue de compte HSBC décembre_2011",HSBC_M12_2011 facture,,23.92,FF hsbc 12
428,2011/12/05,401100,"Fournisseurs - Achats de biens et services
Frais tenue de compte HSBC décembre_2011",HSBC_M12_2011 service paiement,20,,PRLV TBD
429,2011/12/05,512100,"Banque
Frais tenue de compte HSBC décembre_2011",HSBC_M12_2011 service paiement,,20,PRLV TBD
430,2011/12/05,401100,"Fournisseurs - Achats de biens et services
Frais tenue de compte HSBC décembre_2011",HSBC_M12_2011 TVA paiement,3.92,,PRLV TBD
431,2011/12/05,512100,"Banque
Frais tenue de compte HSBC décembre_2011",HSBC_M12_2011 TVA paiement,,3.92,PRLV TBD
432,2011/12/05,411000,"Clients- ventes de prestations de service
Règlement MOZILLA Facture n°22 - prestations de octobre_2011",MOZILLA_M22_2011 paiement,,10171.980,VIR MOZILLA
433,2011/12/05,512100,"Banque
Règlement MOZILLA Facture n°22 - prestations de octobre_2011",MOZILLA_M22_2011 paiement,10171.980,,VIR MOZILLA
434,2011/12/06,644000,"Rémunération du travail de l'exploitant
Rémunération_Gérant_M12_2011",GERANT_M12_2011,4198.2,,PV 2010 & taux prél sociaux
435,2011/12/06,421000,"Exploitant - rémunération due
Rémunération_Gérant_M12_2011",GERANT_M12_2011,,4198.2,PV 2010 & taux prél sociaux
436,2011/12/06,421000,"Exploitant - rémunération due
Cotisations rémunération_Gérant_M12_2011",GERANT_M12_2011 cotisations sociales,947.19,,PV 2010 & taux prél sociaux
437,2011/12/06,431000,"Sécurité sociale
Cotisations RSI rémunération_Gérant_M12_2011",GERANT_M12_2011 cotisations sociales,,192.45,site RSI
438,2011/12/06,437010,"Autres organismes sociaux
Cotisations Ursaaf – rémunération_Gérant_M12_2011",GERANT_M12_2011 cotisations sociales,,446.92,site Urssaf
439,2011/12/06,437020,"Autres organismes sociaux
Cotisations CIPAV – rémunération_Gérant_M12_2011",GERANT_M12_2011 cotisations sociales,,307.82,Site CIPAV
440,2011/12/06,421000,"Exploitant - rémunération due
Rémunération_Gérant_M12_2011",GERANT_M12_2011 salaire,3200,,PV 2010 & taux prél sociaux
441,2011/12/06,512100,"Banque
Rémunération_Gérant_M12_2011",GERANT_M12_2011 salaire,,3200,virt Gérant décembre 2011
442,2011/12/15,448600,Etat – Charges à payer,TP_2010,838,,
443,2011/12/15,512100,Banque Taxe professionnelle 2010,TP_2010,,838,
444,2011/12/22,618000,"Documentation technique 
Darty – Tel portable",Tel portable – facture,66.05,,
445,2011/12/22,445660,"TVA déductible 
darty – tel portable (19,6)",TVA tel portable – facture,12.95,,
446,2011/12/22,401100,"Fournisseurs - Achats de biens et services
 Darty Tel portable",Tel portable – facture,,79,
447,2011/12/22,401100,"Fournisseurs - Achats de biens et services
 Darty Tel portable",tel portable – paiement,79,,
448,2011/12/22,512100,"Banque
Darty Tel portable",tel portable – paiement,,79,
449,2011/12/24,618300,"Documentation technique 
Gd Cercle – Langage C++",Livres (C++ Stroustrup) – facture,40.76,,
450,2011/12/24,445660,"TVA déductible 
Gd Cercle – Langage C++ (5,5)",TVA livres (C++ Stroustrup) – facture,2.24,,
451,2011/12/24,401100,"Fournisseurs - Achats de biens et services
 Gd Cercle Langage C++",Livres (C++ Stroustrup) – facture,,43,
452,2011/12/24,401100,"Fournisseurs - Achats de biens et services Gd Cercle
 Langage C++",Livres (C++ Stroustrup) – paiement,43,,
453,2011/12/24,512100,"Banque
Gd Cercle Langage C++",Livres (C++ Stroustrup) – paiement,,43,
454,2011/12/29,448600,"Etat – Charges à payer
Cotisations à IS Règlement 1er acompte IS 2011",IS acompte 2&3 2011 facture,1994,,
455,2011/12/29,444000,Etat-Imot sur les bénéfices,IS acompte 2&3 2011 facture,,1994,
456,2011/12/29,444000,Etat-Imot sur les bénéfices,IS acompte 2&3 2011 paiement,1994,,
457,2011/12/29,512100,Banque Règlement acompte 2 et 3 IS 2011,IS acompte 2&3 2011 paiement,,1994,
458,2011/12/30,625000,"Deplacement mission et reception 
Casa bella – resto de départ",Resto départ BNP – facture,37.39,,
459,2011/12/30,445660,"TVA déductible 
Resto casa bella (5,5)",TVA resto départ BNP – facture,9.11,,
460,2011/12/30,401100,"Fournisseurs - Achats de biens et services
 Casa bella resto de départ",Resto départ BNP – facture,,46.5,
461,2011/12/30,401100,"Fournisseurs - Achats de biens et services
 Casa Bella Resto de départ",resto départ BNP – paiement,46.5,,
462,2011/12/30,512100,"Banque
Casa Bella Rest de départ",resto départ BNP – paiement,,46.5,
463,2011/12/31,486000,"Charges constatées d'avance
Assurance risque d'exploitation 2011",AXA_2012,802.49,,
464,2011/12/31,616400,"Primes d'assurance - risques d'exploitation
Assurance risque d'exploitation AXA",AXA_2012,,802.49,
465,2011/12/31,616400,"Primes d'assurance - risques d'exploitation
Assurance risque d'exploitation AXA",AXA_2012 facture,736.2,,
466,2011/12/31,445660,"TVA déductible
TVA déductible sur prime d'assurance AXA",AXA_2012 facture,66.29,,
467,2011/12/31,401100,"Fournisseurs - Achats de biens et services
Assurance risque d'exploitation AXA",AXA_2012 facture,,802.49,
468,2011/12/31,401100,"Fournisseurs - Achats de biens et services
Assurance risque d'exploitation AXA",AXA_2012 paiement,802.49,,
469,2011/12/31,512100,"Banque
Assurance risque d'exploitation 2012",AXA_2012 paiement,,802.49,
470,2011/12/31,635110,"Autres impôts – Taxe professionelle
Estimation",TaxeP_2011,1600,,Ecriture d'inventaire
471,2011/12/31,448600,Etat – Charges à payer,TaxeP_2011,,1600,Ecriture d'inventaire
472,2011/12/31,706000,"Prestations de service
Facture MOZILLA n°24 – prestations de décembre_2011 – erreur facture",MOZILLA_M24 – erreur,,405,FC MOZILLA 24
473,2011/12/31,445710,"TVA collectée
Facture MOZILLA n°24 – prestations de décembre_2011 -erreur facture",MOZILLA_M24 – erreur,,79.38,FC MOZILLA 24
474,2011/12/31,411000,Clientes – ventes de prestations de service Facture MOZILLA n°24 – prestations de décembre_2011 -erreur facture,MOZILLA_M24 – erreur,484.38,,FC MOZILLA 24
475,2011/12/31,706000,"Prestations de service
Facture MOZILLA n°24 – prestations de décembre_2011",MOZILLA_M24,,6885,FC MOZILLA 24
476,2011/12/31,445710,"TVA collectée
Facture MOZILLA n°24 – prestations de décembre_2011",MOZILLA_M24,,1349.460,FC MOZILLA 24
477,2011/12/31,411000,Clientes – ventes de prestations de service Facture MOZILLA n°24 – prestations de décembre_2011,MOZILLA_M24,8234.46,,FC MOZILLA 24
478,2011/12/31,695000,"Impôts sur les bénéfices
Estimation",IS_2011,3434.68,,Ecriture d'inventaire
479,2011/12/31,448600,Etat-Charges à payer,IS_2011,,3434.68,Ecriture d'inventaire
